activity,lineID,regionID
refining jump animation in CSS,@use functions as *;,region0
Adding CSS classes for tile flipping,@keyframes flip-in {,region1
Adding CSS classes for tile flipping,@keyframes flip-out {,region2
Adding CSS classes for tile flipping,.flip-in {,region3
set animations to keep final states rather than reverting back to starting states,.flip-in {,region3
adjusting timing in css,.flip-in {,region3
adding jump animation for the win condition in CSS,.flip-in {,region3
Adding CSS classes for tile flipping,.flip-out {,region4
set animations to keep final states rather than reverting back to starting states,.flip-out {,region4
adjusting timing in css,.flip-out {,region4
adding jump animation for the win condition in CSS,.flip-out {,region4
adding jump animation for the win condition in CSS,@keyframes jump {,region5
refining jump animation in CSS,@keyframes jump {,region5
set animations to keep final states rather than reverting back to starting states,  animation: jump 250ms;,region6
adding jump animation for the win condition in CSS,  animation: jump 250ms;,region6
