line,lineID,regionID
@use 'functions' as *;,@use functions as *;,region0
@keyframes flip-in {,@keyframes flip-in {,region1
transform: rotateX(0deg);,@keyframes flip-in {,region1
transform: rotateX(-90deg);,@keyframes flip-in {,region1
@keyframes flip-out {,@keyframes flip-out {,region2
transform: rotateX(-90deg);,@keyframes flip-out {,region2
transform: rotateX(0deg);,@keyframes flip-out {,region2
.flip-in {,.flip-in {,region3
animation: flip-in 500ms;,.flip-in {,region3
animation: flip-in 250ms;,.flip-in {,region3
animation: flip-in 200ms;,.flip-in {,region3
animation-fill-mode: forwards;,.flip-in {,region3
.flip-out {,.flip-out {,region4
animation: flip-out 500ms;,.flip-out {,region4
animation: flip-out 250ms;,.flip-out {,region4
animation: flip-out 200ms;,.flip-out {,region4
animation-fill-mode: forwards;,.flip-out {,region4
@keyframes jump {,@keyframes jump {,region5
transform: translateY(0);,@keyframes jump {,region5
transform: translateY(rem(-10));,@keyframes jump {,region5
transform: translateY(0);,@keyframes jump {,region5
animation: jump 250ms;,animation: jump 250ms;,region6
animation-fill-mode: forwards;,animation: jump 250ms;,region6
