activity,lineID,regionID
"Style the game tiles with appropriate padding, alignment, and automatic upper casing.",@use ../util as *;,region0
Change background color of game board to match Wordle,  font-size: 100%;,region1
Change background color of game board to match Wordle,"*::before,",region2
Change background color of game board to match Wordle,  margin: 0;,region3
"Style the game tiles with appropriate padding, alignment, and automatic upper casing.",  margin: 0;,region3
Set the width for the tiles,  margin: 0;,region3
