line,lineID,regionID
@use '../util' as *;,@use ../util as *;,region0
font-size: 100%;,font-size: 100%;,region1
font-family: var(--font-body);,font-size: 100%;,region1
box-sizing: border-box;,font-size: 100%;,region1
"*::before,","*::before,",region2
*::after {,"*::before,",region2
box-sizing: inherit;,"*::before,",region2
margin: 0;,margin: 0;,region3
padding: 1rem 2rem;,margin: 0;,region3
"background-color: hsl(240, 3%, 7%);",margin: 0;,region3
"color: hsl(0, 0%, 108%);",margin: 0;,region3
"color: hsl(0, 0%, 100%);",margin: 0;,region3
display: flex;,margin: 0;,region3
flex-direction: column;,margin: 0;,region3
align-items: center;,margin: 0;,region3
text-transform: uppercase;,margin: 0;,region3
font-weight: 600;,margin: 0;,region3
