activity,lineID,regionID
Initial set up of grid for guesses,@use ../util as *;,region0
Initial set up of grid for guesses,.guess {,region1
adjusting spacing at the bottom,.guess {,region1
Initial set up of grid for guesses,  &__tile {,region2
Filling in size and border info for a tile,  &__tile {,region2
"changing tile font size, weight, and centering tiles",  &__tile {,region2
adding tile border colors to CSS,  .has-letter {,region3
"Setting up colors that correspond to letters being correct, present, and absent ",  .correct {,region4
adding tile border colors to CSS,  .correct {,region4
"Setting up colors that correspond to letters being correct, present, and absent ",  .present {,region5
adding tile border colors to CSS,  .present {,region5
"Setting up colors that correspond to letters being correct, present, and absent ",  .absent {,region6
adding tile border colors to CSS,  .absent {,region6
