line,lineID,regionID
@use '../util' as *;,@use ../util as *;,region0
display: grid;,display: grid;,region1
"grid-template-columns: repeat(5, 1fr);",display: grid;,region1
gap: rem(3);,display: grid;,region1
width: rem(300);,display: grid;,region1
margin-bottom: rem(10);,display: grid;,region1
&__tile {,&__tile {,region2
"border: rem(2) solid hsl(0, 0%, 46%);",&__tile {,region2
"border: rem(2) solid hsl(0, 0%, 26%);",&__tile {,region2
width: rem(52);,&__tile {,region2
height: rem(52);,&__tile {,region2
display: flex;,&__tile {,region2
justify-content: center;,&__tile {,region2
place-items: center;,&__tile {,region2
align-items: center;,&__tile {,region2
font-size: rem(32);,&__tile {,region2
font-weight: 600;,&__tile {,region2
.has-letter {,.has-letter {,region3
"border-color: hsl(0, 0%, 40%);",.has-letter {,region3
.correct {,.correct {,region4
"background-color: hsl(120, 100%, 28%);",.correct {,region4
"border-color: hsl(120, 100%, 28%);",.correct {,region4
.present {,.present {,region5
".background-color : hsl(49, 51%, 47%);",.present {,region5
"background-color: hsl(49, 69%, 47%);",.present {,region5
"border-color: hsl(49, 69%, 47%);",.present {,region5
.absent {,.absent {,region6
"background-color: hsl(0, 0%, 35%);",.absent {,region6
"border-color: hsl(0, 0%, 35%);",.absent {,region6
