line,lineID,regionID
<!DOCTYPE html>,<!DOCTYPE html>,region0
"<html lang=""en"">",<!DOCTYPE html>,region0
"<meta charset=""UTF-8"" />",<!DOCTYPE html>,region0
"<meta name=""viewport"" content=""width=device-width, initial-scale=1.0"" />",<!DOCTYPE html>,region0
<title></title>,<!DOCTYPE html>,region0
"<link rel=""preconnect"" href=""https://fonts.googleapis.com"" />",<!DOCTYPE html>,region0
"<link rel=""preconnect"" href=""https://fonts.gstatic.com"" crossorigin />",<!DOCTYPE html>,region0
"href=""https://fonts.googleapis.com/css2?family=Open+Sans:wght@600&display=swap""",<!DOCTYPE html>,region0
"rel=""stylesheet""",<!DOCTYPE html>,region0
"<link rel=""stylesheet"" href=""/dist/style.css"" />",<!DOCTYPE html>,region0
"<script defer src=""/dist/script.js""></script>",<!DOCTYPE html>,region0
<h1>Wordle Clone</h1>,<!DOCTYPE html>,region0
"<section class=""game"">",<!DOCTYPE html>,region0
"<div id=""guess1"" class=""guess"" data-letters="""">",<!DOCTYPE html>,region0
"<div class=""guess__tile"" id=""guess1Tile1""></div>",<!DOCTYPE html>,region0
"<div class=""guess__tile"" id=""guess1Tile2""></div>",<!DOCTYPE html>,region0
"<div class=""guess__tile"" id=""guess1Tile3""></div>",<!DOCTYPE html>,region0
"<div class=""guess__tile"" id=""guess1Tile4""></div>",<!DOCTYPE html>,region0
"<div class=""guess__tile"" id=""guess1Tile5""></div>",<!DOCTYPE html>,region0
"<div id=""guess2"" class=""guess"" data-letters="""">",<!DOCTYPE html>,region0
"<div class=""guess__tile"" id=""guess2Tile1""></div>",<!DOCTYPE html>,region0
"<div class=""guess__tile"" id=""guess2Tile2""></div>",<!DOCTYPE html>,region0
"<div class=""guess__tile"" id=""guess2Tile3""></div>",<!DOCTYPE html>,region0
"<div class=""guess__tile"" id=""guess2Tile4""></div>",<!DOCTYPE html>,region0
"<div class=""guess__tile"" id=""guess2Tile5""></div>",<!DOCTYPE html>,region0
"<div id=""guess3"" class=""guess"" data-letters="""">",<!DOCTYPE html>,region0
"<div class=""guess__tile"" id=""guess3Tile1""></div>",<!DOCTYPE html>,region0
"<div class=""guess__tile"" id=""guess3Tile2""></div>",<!DOCTYPE html>,region0
"<div class=""guess__tile"" id=""guess3Tile3""></div>",<!DOCTYPE html>,region0
"<div class=""guess__tile"" id=""guess3Tile4""></div>",<!DOCTYPE html>,region0
"<div class=""guess__tile"" id=""guess3Tile5""></div>",<!DOCTYPE html>,region0
"<div id=""guess4"" class=""guess"" data-letters="""">",<!DOCTYPE html>,region0
"<div class=""guess__tile"" id=""guess4Tile1""></div>",<!DOCTYPE html>,region0
"<div class=""guess__tile"" id=""guess4Tile2""></div>",<!DOCTYPE html>,region0
"<div class=""guess__tile"" id=""guess4Tile3""></div>",<!DOCTYPE html>,region0
"<div class=""guess__tile"" id=""guess4Tile4""></div>",<!DOCTYPE html>,region0
"<div class=""guess__tile"" id=""guess4Tile5""></div>",<!DOCTYPE html>,region0
"<div id=""guess5"" class=""guess"" data-letters="""">",<!DOCTYPE html>,region0
"<div class=""guess__tile"" id=""guess5Tile1""></div>",<!DOCTYPE html>,region0
"<div class=""guess__tile"" id=""guess5Tile2""></div>",<!DOCTYPE html>,region0
"<div class=""guess__tile"" id=""guess5Tile3""></div>",<!DOCTYPE html>,region0
"<div class=""guess__tile"" id=""guess5Tile4""></div>",<!DOCTYPE html>,region0
"<div class=""guess__tile"" id=""guess5Tile5""></div>",<!DOCTYPE html>,region0
"<div id=""guess6"" class=""guess"" data-letters="""">",<!DOCTYPE html>,region0
"<div class=""guess__tile"" id=""guess6Tile1""></div>",<!DOCTYPE html>,region0
"<div class=""guess__tile"" id=""guess6Tile2""></div>",<!DOCTYPE html>,region0
"<div class=""guess__tile"" id=""guess6Tile3""></div>",<!DOCTYPE html>,region0
"<div class=""guess__tile"" id=""guess6Tile4""></div>",<!DOCTYPE html>,region0
"<div class=""guess__tile"" id=""guess6Tile5""></div>",<!DOCTYPE html>,region0
</section>,<!DOCTYPE html>,region0
"<section class=""keyboard""></section>",<section class=keyboard></section>,region1
