activity,lineID,regionID
import scipy and pandas,from PIL import Image,region0
attempt to read image using imageio,from PIL import Image,region0
Calculate Average Pixel with Numpy average to compare runtime,from PIL import Image,region0
"Loop through photos in directory, calculate average pixel of each",from PIL import Image,region0
"Loop through target_photo's pixels and find the avg_pixel closest, then map back to the filename",from PIL import Image,region0
"Testing the impact of pulling a random picture from the top-10 matches, instead of using the top match ",from PIL import Image,region0
Print out pixel values for an image to investigate how to cluster the data using Kmeans,from PIL import Image,region0
"Cluster pixels of a given image, and print out centroid colors, and what percent of image falls into each",from PIL import Image,region0
Create a pandas dataframe for one image that includes a list of all pixel colors and their respective clusters,from PIL import Image,region0
Add comments to functions,from PIL import Image,region0
Switch to PIL (Python Image Library) and read in an image,def get_avg_pixel(img):,region1
"Resize image to 1X1 pixel to see ""average"" pixel",def get_avg_pixel(img):,region1
"Loop through photos in directory, calculate average pixel of each",def get_avg_pixel(img):,region1
"Loop through target_photo's pixels and find the avg_pixel closest, then map back to the filename",def get_avg_pixel(img):,region1
Add comments to functions,def get_avg_pixel(img):,region1
Test how resizing photos impacts calculated MSE averages,def get_avg_pixel(img):,region1
"Loop through photos in directory, calculate average pixel of each",def get_file_avgPixelMap(file_image_map):,region2
Dump pre-calculated average pixels to disk to test usage speed,def get_file_avgPixelMap(file_image_map):,region2
Functionalize get_file_avgPixelMap() to make code neater,def get_file_avgPixelMap(file_image_map):,region2
Add comments to functions,def get_file_avgPixelMap(file_image_map):,region2
"Loop through photos in directory, calculate average pixel of each","def get_file_image_map(photos_dir, width=50):",region3
Create mapping from filename to image object so images aren't read in more than once,"def get_file_image_map(photos_dir, width=50):",region3
Clean up code by putting it into functions,"def get_file_image_map(photos_dir, width=50):",region3
Add comments to functions,"def get_file_image_map(photos_dir, width=50):",region3
Test how resizing photos impacts calculated MSE averages,"def get_file_image_map(photos_dir, width=50):",region3
Create mapping from filename to image object so images aren't read in more than once,            file_image_map[filename] = img,region4
Add functions to concat images horizontally and vertically,"def get_concat_h(im1, im2):",region5
Add comments to functions,"def get_concat_h(im1, im2):",region5
Add functions to concat images horizontally and vertically,"def get_concat_v(im1, im2):",region6
Add comments to functions,"def get_concat_v(im1, im2):",region6
Map average pixel values back to their respective filenames,def get_pixel_files_map(pixel_map):,region7
"Loop through target_photo's pixels and find the avg_pixel closest, then map back to the filename",def get_pixel_files_map(pixel_map):,region7
Clean up code by putting it into functions,def get_pixel_files_map(pixel_map):,region7
Add comments to functions,def get_pixel_files_map(pixel_map):,region7
"Loop through target_photo's pixels and find the avg_pixel closest, then map back to the filename",def get_all_avg_pixels_array(file_image_map):,region8
Clean up code by putting it into functions,def get_all_avg_pixels_array(file_image_map):,region8
Add comments to functions,def get_all_avg_pixels_array(file_image_map):,region8
Switch to PIL (Python Image Library) and read in an image,"def scale_image_to_basewidth(img, basewidth=50):",region9
"Loop through photos in directory, calculate average pixel of each","def scale_image_to_basewidth(img, basewidth=50):",region9
"Loop through target_photo's pixels and find the avg_pixel closest, then map back to the filename","def scale_image_to_basewidth(img, basewidth=50):",region9
Clean up code by putting it into functions,"def scale_image_to_basewidth(img, basewidth=50):",region9
Add comments to functions,"def scale_image_to_basewidth(img, basewidth=50):",region9
Test how resizing photos impacts calculated MSE averages,"def scale_image_to_basewidth(img, basewidth=50):",region9
"Create pandas dataframe that includes pixels and their clusters for all images, and save to a csv file",def get_kmeans_dataframe_all_photos(file_image_map):,region10
Add comments to functions,def get_kmeans_dataframe_all_photos(file_image_map):,region10
Functionalize get_file_avgPixelMap() to make code neater,    Parameters:,region11
Create a pandas dataframe for one image that includes a list of all pixel colors and their respective clusters,    Parameters:,region11
Add comments to functions,    Parameters:,region11
Print out pixel values for an image to investigate how to cluster the data using Kmeans,        pixels = np.array(img.getdata()),region12
"Cluster pixels of a given image, and print out centroid colors, and what percent of image falls into each",        pixels = np.array(img.getdata()),region12
"Cluster pixels of a given image, and print out centroid colors, and what percent of image falls into each",        predictions = kmeans.predict(pixels),region13
Create a pandas dataframe for one image that includes a list of all pixel colors and their respective clusters,        predictions = kmeans.predict(pixels),region13
"Create pandas dataframe that includes pixels and their clusters for all images, and save to a csv file",        predictions = kmeans.predict(pixels),region13
Handle parsing what's loaded from CSV from string format to tuple,def string_to_tuple(s):,region14
Add comments to functions,def string_to_tuple(s):,region14
Calculate Mean Squared Error (MSE) between images to measure similarity,"def compare_image_distance(img1, img2):",region15
Add function for compare_image_distance(),"def compare_image_distance(img1, img2):",region15
Add comments to functions,"def compare_image_distance(img1, img2):",region15
Vectorize: one images to many images similarity comparison,"def compare_image_to_images_distances(neighbor_image, window_imgs):",region16
Add comments to functions,"def compare_image_to_images_distances(neighbor_image, window_imgs):",region16
Vectorize: one images to many images similarity comparison,        neighbor_image: PIL Image,region17
Rework debugging steps into function,        neighbor_image: PIL Image,region17
Add comments to functions,        neighbor_image: PIL Image,region17
Testing running code with different parameters for image similarity threshold and number of neighbors retreived,def get_all_image_comparisons_matrix(file_image_map):,region18
Add comments to functions,def get_all_image_comparisons_matrix(file_image_map):,region18
Add comments to functions,        file_image_map : dictionary mapping filename to its respective PIL Image object,region19
Functionalize get_file_avgPixelMap() to make code neater,    file_index_map = {},region20
Testing running code with different parameters for image similarity threshold and number of neighbors retreived,    file_index_map = {},region20
Load Two images for similarity comparison,"def make_mosaic_kmeans(target_photo, photos_dir=Photos/, first_run = False):",region21
Add comments to functions,"def make_mosaic_kmeans(target_photo, photos_dir=Photos/, first_run = False):",region21
Add comments to functions,"    This approach was experimentally less succesful than the average pixel mapping algorithm, make_mosaic_avg",region22
Add comments to functions,        target_photo : filename of target photo (string),region23
Create mapping from filename to image object so images aren't read in more than once,    #get dictionary mapping each filename to its respective image,region24
Clean up code by putting it into functions,    #get dictionary mapping each filename to its respective image,region24
"Create pandas dataframe that includes pixels and their clusters for all images, and save to a csv file",    #get dictionary mapping each filename to its respective image,region24
Load pandas kmeans dataframe from CSV and create mosaic using images with similar centroids as a given target_pixel,    #get dictionary mapping each filename to its respective image,region24
Handle parsing what's loaded from CSV from string format to tuple,    #get dictionary mapping each filename to its respective image,region24
Add comments to functions,    #get dictionary mapping each filename to its respective image,region24
Switch to PIL (Python Image Library) and read in an image,    #get list of all centroids,region25
Load pandas kmeans dataframe from CSV and create mosaic using images with similar centroids as a given target_pixel,    #get list of all centroids,region25
Handle parsing what's loaded from CSV from string format to tuple,    #get list of all centroids,region25
Add comments to functions,    #get list of all centroids,region25
Switch to PIL (Python Image Library) and read in an image,"    img = scale_image_to_basewidth(img, basewidth=50)",region26
"Resize image to 1X1 pixel to see ""average"" pixel","    img = scale_image_to_basewidth(img, basewidth=50)",region26
"Loop through photos in directory, calculate average pixel of each","    img = scale_image_to_basewidth(img, basewidth=50)",region26
"Loop through target_photo's pixels and find the avg_pixel closest, then map back to the filename","    img = scale_image_to_basewidth(img, basewidth=50)",region26
Clean up code by putting it into functions,"    img = scale_image_to_basewidth(img, basewidth=50)",region26
"Resize image to 1X1 pixel to see ""average"" pixel",    #loop through each pixel of the target image,region27
"Loop through photos in directory, calculate average pixel of each",    #loop through each pixel of the target image,region27
"Loop through target_photo's pixels and find the avg_pixel closest, then map back to the filename",    #loop through each pixel of the target image,region27
Add functions to concat images horizontally and vertically,    #loop through each pixel of the target image,region27
Functionalize get_file_avgPixelMap() to make code neater,    #loop through each pixel of the target image,region27
"Testing the impact of pulling a random picture from the top-10 matches, instead of using the top match ",    #loop through each pixel of the target image,region27
Add comments to functions,    #loop through each pixel of the target image,region27
"Loop through target_photo's pixels and find the avg_pixel closest, then map back to the filename",            #generate subset of kmeans_dataframe that includes only the top-10 nearest neighbors,region28
Add functions to concat images horizontally and vertically,            #generate subset of kmeans_dataframe that includes only the top-10 nearest neighbors,region28
Clean up code by putting it into functions,            #generate subset of kmeans_dataframe that includes only the top-10 nearest neighbors,region28
Load pandas kmeans dataframe from CSV and create mosaic using images with similar centroids as a given target_pixel,            #generate subset of kmeans_dataframe that includes only the top-10 nearest neighbors,region28
Handle parsing what's loaded from CSV from string format to tuple,            #generate subset of kmeans_dataframe that includes only the top-10 nearest neighbors,region28
"Find the 10 images with a cluster centroid closest to a target_pixel, and then choose the one that has the largest amount in that cluster",            #generate subset of kmeans_dataframe that includes only the top-10 nearest neighbors,region28
Add comments to functions,            #generate subset of kmeans_dataframe that includes only the top-10 nearest neighbors,region28
Create mapping from filename to image object so images aren't read in more than once,            # pick a random image of the top 10 centroid matches,region29
"Find the 10 images with a cluster centroid closest to a target_pixel, and then choose the one that has the largest amount in that cluster",            # pick a random image of the top 10 centroid matches,region29
Load Two images for similarity comparison,            # pick a random image of the top 10 centroid matches,region29
Add comments to functions,            # pick a random image of the top 10 centroid matches,region29
Build mosaic by appending images for each pixel to a running image,            #add new image object running row image,region30
Load Two images for similarity comparison,            #add new image object running row image,region30
"Before adding an image to the mosaic, looping through nearby appended files to check if they are too similar",            #add new image object running row image,region30
Add comments to functions,            #add new image object running row image,region30
Switch to PIL (Python Image Library) and read in an image,"def make_mosaic_avg(target_photo, photos_dir=Photos/, basewidth=50, pixelWidth=50):",region31
"Resize image to 1X1 pixel to see ""average"" pixel","def make_mosaic_avg(target_photo, photos_dir=Photos/, basewidth=50, pixelWidth=50):",region31
"Loop through photos in directory, calculate average pixel of each","def make_mosaic_avg(target_photo, photos_dir=Photos/, basewidth=50, pixelWidth=50):",region31
"Loop through target_photo's pixels and find the avg_pixel closest, then map back to the filename","def make_mosaic_avg(target_photo, photos_dir=Photos/, basewidth=50, pixelWidth=50):",region31
Clean up code by putting it into functions,"def make_mosaic_avg(target_photo, photos_dir=Photos/, basewidth=50, pixelWidth=50):",region31
Functionalize get_file_avgPixelMap() to make code neater,"def make_mosaic_avg(target_photo, photos_dir=Photos/, basewidth=50, pixelWidth=50):",region31
Load Two images for similarity comparison,"def make_mosaic_avg(target_photo, photos_dir=Photos/, basewidth=50, pixelWidth=50):",region31
"Before adding an image to the mosaic, looping through nearby appended files to check if they are too similar","def make_mosaic_avg(target_photo, photos_dir=Photos/, basewidth=50, pixelWidth=50):",region31
Add function for compare_image_distance(),"def make_mosaic_avg(target_photo, photos_dir=Photos/, basewidth=50, pixelWidth=50):",region31
"Test sliding window sizes, and how for larger sliding window sizes, we need to bring in more candidate images","def make_mosaic_avg(target_photo, photos_dir=Photos/, basewidth=50, pixelWidth=50):",region31
Rework debugging steps into function,"def make_mosaic_avg(target_photo, photos_dir=Photos/, basewidth=50, pixelWidth=50):",region31
Testing running code with different parameters for image similarity threshold and number of neighbors retreived,"def make_mosaic_avg(target_photo, photos_dir=Photos/, basewidth=50, pixelWidth=50):",region31
Add comments to functions,"def make_mosaic_avg(target_photo, photos_dir=Photos/, basewidth=50, pixelWidth=50):",region31
"Resize image to 1X1 pixel to see ""average"" pixel",    for y in range(height):,region32
"Loop through photos in directory, calculate average pixel of each",    for y in range(height):,region32
"Loop through target_photo's pixels and find the avg_pixel closest, then map back to the filename",    for y in range(height):,region32
Add functions to concat images horizontally and vertically,    for y in range(height):,region32
Clean up code by putting it into functions,    for y in range(height):,region32
"Before adding an image to the mosaic, looping through nearby appended files to check if they are too similar",    for y in range(height):,region32
Reworking this logic to stop looping through the closest file candidates once a valid image has been found,    for y in range(height):,region32
"Test sliding window sizes, and how for larger sliding window sizes, we need to bring in more candidate images",    for y in range(height):,region32
Testing running code with different parameters for image similarity threshold and number of neighbors retreived,    for y in range(height):,region32
Add comments to functions,    for y in range(height):,region32
Build mosaic by appending images for each pixel to a running image,"                    window_x_min = max(0, x-min_array_distance_between_similar_photos)",region33
Load Two images for similarity comparison,"                    window_x_min = max(0, x-min_array_distance_between_similar_photos)",region33
"Before adding an image to the mosaic, looping through nearby appended files to check if they are too similar","                    window_x_min = max(0, x-min_array_distance_between_similar_photos)",region33
Reworking this logic to stop looping through the closest file candidates once a valid image has been found,"                    window_x_min = max(0, x-min_array_distance_between_similar_photos)",region33
Add function for compare_image_distance(),"                    window_x_min = max(0, x-min_array_distance_between_similar_photos)",region33
"Test sliding window sizes, and how for larger sliding window sizes, we need to bring in more candidate images","                    window_x_min = max(0, x-min_array_distance_between_similar_photos)",region33
Vectorize: one images to many images similarity comparison,"                    window_x_min = max(0, x-min_array_distance_between_similar_photos)",region33
Rework debugging steps into function,"                    window_x_min = max(0, x-min_array_distance_between_similar_photos)",region33
Testing running code with different parameters for image similarity threshold and number of neighbors retreived,"                    window_x_min = max(0, x-min_array_distance_between_similar_photos)",region33
Add comments to functions,"                    window_x_min = max(0, x-min_array_distance_between_similar_photos)",region33
Test how resizing photos impacts calculated MSE averages,"                    window_x_min = max(0, x-min_array_distance_between_similar_photos)",region33
Switch to PIL (Python Image Library) and read in an image,basewidth = 60,region34
Clean up code by putting it into functions,basewidth = 60,region34
Test how resizing photos impacts calculated MSE averages,basewidth = 60,region34
"Resize image to 1X1 pixel to see ""average"" pixel",pixels_per_row = basewidth,region35
Calculate Average Pixel with Numpy average to compare runtime,pixels_per_row = basewidth,region35
"Loop through photos in directory, calculate average pixel of each",pixels_per_row = basewidth,region35
Print out pixel values for an image to investigate how to cluster the data using Kmeans,pixels_per_row = basewidth,region35
"Cluster pixels of a given image, and print out centroid colors, and what percent of image falls into each",pixels_per_row = basewidth,region35
Create a pandas dataframe for one image that includes a list of all pixel colors and their respective clusters,pixels_per_row = basewidth,region35
Test how resizing photos impacts calculated MSE averages,pixels_per_row = basewidth,region35
"Loop through photos in directory, calculate average pixel of each",target_photo = angie_flower.jpeg,region36
"Cluster pixels of a given image, and print out centroid colors, and what percent of image falls into each",target_photo = angie_flower.jpeg,region36
Testing running code with different parameters for image similarity threshold and number of neighbors retreived,target_photo = angie_flower.jpeg,region36
Add comments to functions,target_photo = angie_flower.jpeg,region36
Test how resizing photos impacts calculated MSE averages,"for width in [25, 50, 100, 4800]:",region37
Load Two images for similarity comparison,    img = Image.open(angie_bed1.jpg),region38
Calculate Mean Squared Error (MSE) between images to measure similarity,    img = Image.open(angie_bed1.jpg),region38
Add comments to functions,    img = Image.open(angie_bed1.jpg),region38
Test how resizing photos impacts calculated MSE averages,    img = Image.open(angie_bed1.jpg),region38
Calculate Mean Squared Error (MSE) between images to measure similarity,    img2 = Image.open(angie_bed2.jpg),region39
"Check if MSE is under a threshold to detect near-identical photos, print out histogram of all MSEs",    img2 = Image.open(angie_bed2.jpg),region39
Rework debugging steps into function,    img2 = Image.open(angie_bed2.jpg),region39
Add comments to functions,    img2 = Image.open(angie_bed2.jpg),region39
Test how resizing photos impacts calculated MSE averages,    img2 = Image.open(angie_bed2.jpg),region39
Build mosaic by appending images for each pixel to a running image,"img = make_mosaic_avg(target_photo, photos_dir, basewidth=basewidth, pixelWidth=pixelWidth)",region40
Load Two images for similarity comparison,"img = make_mosaic_avg(target_photo, photos_dir, basewidth=basewidth, pixelWidth=pixelWidth)",region40
Record which files have been added to mosaic in a matrix,"img = make_mosaic_avg(target_photo, photos_dir, basewidth=basewidth, pixelWidth=pixelWidth)",region40
Debugging vectorization syntax in numpy,"img = make_mosaic_avg(target_photo, photos_dir, basewidth=basewidth, pixelWidth=pixelWidth)",region40
Rework debugging steps into function,"img = make_mosaic_avg(target_photo, photos_dir, basewidth=basewidth, pixelWidth=pixelWidth)",region40
Testing running code with different parameters for image similarity threshold and number of neighbors retreived,"img = make_mosaic_avg(target_photo, photos_dir, basewidth=basewidth, pixelWidth=pixelWidth)",region40
Add comments to functions,"img = make_mosaic_avg(target_photo, photos_dir, basewidth=basewidth, pixelWidth=pixelWidth)",region40
Test how resizing photos impacts calculated MSE averages,"img = make_mosaic_avg(target_photo, photos_dir, basewidth=basewidth, pixelWidth=pixelWidth)",region40
