line,lineID,regionID
from PIL import Image,from PIL import Image,region0
import numpy as np,from PIL import Image,region0
import os,from PIL import Image,region0
from scipy.spatial import KDTree,from PIL import Image,region0
import random,from PIL import Image,region0
from sklearn.cluster import KMeans,from PIL import Image,region0
"from sklearn.cluster import KMeans, OPTICS",from PIL import Image,region0
import pandas,from PIL import Image,region0
import pandas as pd,from PIL import Image,region0
def get_avg_pixel(img):,def get_avg_pixel(img):,region1
Parameters: img (PIL Image object),def get_avg_pixel(img):,region1
returns: average pixel (RGB tuple),def get_avg_pixel(img):,region1
"img = img.resize((basewidth, hsize), Image.ANTIALIAS)",def get_avg_pixel(img):,region1
"#img = img.resize((basewidth, hsize), Image.ANTIALIAS)",def get_avg_pixel(img):,region1
"img = img.resize((1, 1), Image.ANTIALIAS)",def get_avg_pixel(img):,region1
"#img = img.resize((50, 50), Image.ANTIALIAS)",def get_avg_pixel(img):,region1
"#img = img.resize((1, 1), Image.ANTIALIAS)",def get_avg_pixel(img):,region1
"resized_image = img.resize((1,1), Image.ANTIALIAS)",def get_avg_pixel(img):,region1
"# img = img.resize((basewidth, hsize), Image.ANTIALIAS)",def get_avg_pixel(img):,region1
"#.resize((50, 50), Image.ANTIALIAS)",def get_avg_pixel(img):,region1
"img = img.resize((50, 50), Image.ANTIALIAS)",def get_avg_pixel(img):,region1
"resized_image = img.resize((1,1), Image.Resampling.LANCZOS)",def get_avg_pixel(img):,region1
pixels = resized_image.load(),def get_avg_pixel(img):,region1
"return pixels[0,0]",def get_avg_pixel(img):,region1
def get_file_avgPixelMap(file_image_map):,def get_file_avgPixelMap(file_image_map):,region2
Parameters:,def get_file_avgPixelMap(file_image_map):,region2
file_image_map : (dictionary mapping filenames to their respective PIL Image objects),def get_file_avgPixelMap(file_image_map):,region2
dictionary mapping filenames to their average calculated pixel value (RGB tuple),def get_file_avgPixelMap(file_image_map):,region2
file_avgPixel_map = {},def get_file_avgPixelMap(file_image_map):,region2
for file in file_image_map.keys():,def get_file_avgPixelMap(file_image_map):,region2
img = file_image_map[file],def get_file_avgPixelMap(file_image_map):,region2
get_avg_pixel(img),def get_file_avgPixelMap(file_image_map):,region2
pixel = get_avg_pixel(img),def get_file_avgPixelMap(file_image_map):,region2
file_avgPixel_map[file] = pixel,def get_file_avgPixelMap(file_image_map):,region2
"print(""ERROR"", file)",def get_file_avgPixelMap(file_image_map):,region2
return file_avgPixel_map,def get_file_avgPixelMap(file_image_map):,region2
def get_file_image_map(photos_dir):,"def get_file_image_map(photos_dir, width=50):",region3
"def get_file_image_map(photos_dir, width=50):","def get_file_image_map(photos_dir, width=50):",region3
Parameters:,"def get_file_image_map(photos_dir, width=50):",region3
photos_dir : name of directory with photos to make mosaic in it (string),"def get_file_image_map(photos_dir, width=50):",region3
width: width in pixels to downscale images to for faster processing and uniform shape (int),"def get_file_image_map(photos_dir, width=50):",region3
dictionary mapping filenames to their respective PIL images,"def get_file_image_map(photos_dir, width=50):",region3
height = width #square image,"def get_file_image_map(photos_dir, width=50):",region3
file_image_map = {},"def get_file_image_map(photos_dir, width=50):",region3
for filename in os.listdir(photos_dir):,"def get_file_image_map(photos_dir, width=50):",region3
"if filename.endswith("".jpg""):","def get_file_image_map(photos_dir, width=50):",region3
img = Image.open(photos_dir+filename),"def get_file_image_map(photos_dir, width=50):",region3
"img.draft(""RGB"",(width,height))","def get_file_image_map(photos_dir, width=50):",region3
"img = img.resize((width, height), Image.ANTIALIAS)","def get_file_image_map(photos_dir, width=50):",region3
"img = img.resize((width, height), Image.Resampling.LANCZOS)","def get_file_image_map(photos_dir, width=50):",region3
file_image_map[filename] = img,file_image_map[filename] = img,region4
return file_image_map,file_image_map[filename] = img,region4
"def get_concat_h(im1, im2):","def get_concat_h(im1, im2):",region5
Parameters:,"def get_concat_h(im1, im2):",region5
im1: PIL image,"def get_concat_h(im1, im2):",region5
im2: PIL image,"def get_concat_h(im1, im2):",region5
"PIL image of im1 and im2 being concatenated together horizontally, im1 on left side of im2","def get_concat_h(im1, im2):",region5
"dst = Image.new('RGB', (im1.width + im2.width, im1.height))","def get_concat_h(im1, im2):",region5
"dst.paste(im1, (0, 0))","def get_concat_h(im1, im2):",region5
"dst.paste(im2, (im1.width, 0))","def get_concat_h(im1, im2):",region5
return dst,"def get_concat_h(im1, im2):",region5
"def get_concat_v(im1, im2):","def get_concat_v(im1, im2):",region6
Parameters:,"def get_concat_v(im1, im2):",region6
im1: PIL image,"def get_concat_v(im1, im2):",region6
im2: PIL image,"def get_concat_v(im1, im2):",region6
"PIL image of im1 and im2 being concatenated together vertically, im1 above im2","def get_concat_v(im1, im2):",region6
"dst = Image.new('RGB', (im1.width, im1.height + im2.height))","def get_concat_v(im1, im2):",region6
"dst.paste(im1, (0, 0))","def get_concat_v(im1, im2):",region6
"dst.paste(im2, (0, im1.height))","def get_concat_v(im1, im2):",region6
return dst,"def get_concat_v(im1, im2):",region6
def get_pixel_files_map(pixel_map):,def get_pixel_files_map(pixel_map):,region7
Parameters:,def get_pixel_files_map(pixel_map):,region7
pixel_map : dictionary mapping filename to average pixel,def get_pixel_files_map(pixel_map):,region7
dictionary mapping average pixel to a list of filenames with that pixel average,def get_pixel_files_map(pixel_map):,region7
pixel_files_map = {},def get_pixel_files_map(pixel_map):,region7
#create map from pixel value to list of files with that avg pixel,def get_pixel_files_map(pixel_map):,region7
for filename in pixel_map.keys():,def get_pixel_files_map(pixel_map):,region7
avg_pixel_value = pixel_map[filename],def get_pixel_files_map(pixel_map):,region7
if avg_pixel_value in filename_map.keys():,def get_pixel_files_map(pixel_map):,region7
if avg_pixel_value in pixel_files_map.keys():,def get_pixel_files_map(pixel_map):,region7
filename_map[avg_pixel_value] = filename,def get_pixel_files_map(pixel_map):,region7
filename_map[avg_pixel_value].append(filename),def get_pixel_files_map(pixel_map):,region7
filename_map[avg_pixel_value] = [filename],def get_pixel_files_map(pixel_map):,region7
pixel_files_map[avg_pixel_value].append(filename),def get_pixel_files_map(pixel_map):,region7
pixel_files_map[avg_pixel_value] = [filename],def get_pixel_files_map(pixel_map):,region7
filename_map[avg_pixel_value] = filename,def get_pixel_files_map(pixel_map):,region7
filename_map[avg_pixel_value].append(filename),def get_pixel_files_map(pixel_map):,region7
filename_map[avg_pixel_value] = [filename],def get_pixel_files_map(pixel_map):,region7
pixel_files_map[avg_pixel_value].append(filename),def get_pixel_files_map(pixel_map):,region7
pixel_files_map[avg_pixel_value] = [filename],def get_pixel_files_map(pixel_map):,region7
return pixel_files_map,def get_pixel_files_map(pixel_map):,region7
def get_all_avg_pixels_array(file_image_map):,def get_all_avg_pixels_array(file_image_map):,region8
Parameters:,def get_all_avg_pixels_array(file_image_map):,region8
file_image_map: dictionary mapping filenames to PIL images,def get_all_avg_pixels_array(file_image_map):,region8
array of all pixel values,def get_all_avg_pixels_array(file_image_map):,region8
all_pixels = [],def get_all_avg_pixels_array(file_image_map):,region8
all_avg_pixels = [],def get_all_avg_pixels_array(file_image_map):,region8
for filename in file_image_map.keys():,def get_all_avg_pixels_array(file_image_map):,region8
all_pixels.append(pixel_map[filename]),def get_all_avg_pixels_array(file_image_map):,region8
all_avg_pixels.append(file_image_map[filename]),def get_all_avg_pixels_array(file_image_map):,region8
return all_avg_pixels,def get_all_avg_pixels_array(file_image_map):,region8
"def scale_image_to_basewidth(img, basewidth=50):","def scale_image_to_basewidth(img, basewidth=50):",region9
Parameters:,"def scale_image_to_basewidth(img, basewidth=50):",region9
img: PIL Image,"def scale_image_to_basewidth(img, basewidth=50):",region9
basewidth: int,"def scale_image_to_basewidth(img, basewidth=50):",region9
PIL Image rescaled proportionally such that its new base = basewidth,"def scale_image_to_basewidth(img, basewidth=50):",region9
wpercent = (basewidth / float(img.size[0])),"def scale_image_to_basewidth(img, basewidth=50):",region9
# wpercent = (basewidth / float(img.size[0])),"def scale_image_to_basewidth(img, basewidth=50):",region9
hsize = int((float(img.size[1]) * float(wpercent))),"def scale_image_to_basewidth(img, basewidth=50):",region9
# hsize = int((float(img.size[1]) * float(wpercent))),"def scale_image_to_basewidth(img, basewidth=50):",region9
"img = img.resize((basewidth, hsize), Image.Resampling.LANCZOS)","def scale_image_to_basewidth(img, basewidth=50):",region9
return img,"def scale_image_to_basewidth(img, basewidth=50):",region9
def get_kmeans_dataframe_all_photos(file_image_map):,def get_kmeans_dataframe_all_photos(file_image_map):,region10
"This function performs a kmeans cluster on each image, clustering the array of pixels to identify dominant colors.",def get_kmeans_dataframe_all_photos(file_image_map):,region10
Parameters:,Parameters:,region11
file_image_map: dictionary mapping filename to respective PIL Image,Parameters:,region11
Pandas Dataframe linking together:,Parameters:,region11
filename (string),Parameters:,region11
each color cluster centroid (RGB tuple),Parameters:,region11
estimated percent of the image falls into that color cluster (float),Parameters:,region11
all_rows = [],Parameters:,region11
"table_columns = [""filename"",""centroid"",""percent""]",Parameters:,region11
for file in file_image_map.keys():,Parameters:,region11
img = file_image_map[file],Parameters:,region11
pixels = img.getdata(),pixels = np.array(img.getdata()),region12
pixels = np.array(img.getdata()),pixels = np.array(img.getdata()),region12
kmeans = KMeans(n_clusters=4).fit(pixels),pixels = np.array(img.getdata()),region12
centroids = kmeans.cluster_centers_.astype(int),pixels = np.array(img.getdata()),region12
predictions = kmeans.predict(pixels),predictions = kmeans.predict(pixels),region13
"centroid_indexes, counts = np.unique(predictions, return_counts = True)",predictions = kmeans.predict(pixels),region13
percentages = counts / counts.sum(),predictions = kmeans.predict(pixels),region13
"for percent, centroid in zip(percentages, centroids):",predictions = kmeans.predict(pixels),region13
"all_rows.append([target_photo, tuple(centroid), percent])",predictions = kmeans.predict(pixels),region13
"all_rows.append([file, tuple(centroid), percent])",predictions = kmeans.predict(pixels),region13
"df = pd.DataFrame(all_rows, columns=table_columns)",predictions = kmeans.predict(pixels),region13
"return pd.DataFrame(all_rows, columns=table_columns)",predictions = kmeans.predict(pixels),region13
def string_to_tuple(s):,def string_to_tuple(s):,region14
Parameters:,def string_to_tuple(s):,region14
"s : string in format ""(a, b, c)"" where a, b, and c are RGB values",def string_to_tuple(s):,region14
"RGB tuple in format (R, G, B)",def string_to_tuple(s):,region14
s = s[1:-1],def string_to_tuple(s):,region14
"myTuple = tuple([int(number) for number in s.split(',')])",def string_to_tuple(s):,region14
return myTuple,def string_to_tuple(s):,region14
"def compare_image_distance(img1, img2):","def compare_image_distance(img1, img2):",region15
Parameters:,"def compare_image_distance(img1, img2):",region15
img1: PIL Image,"def compare_image_distance(img1, img2):",region15
img2: PIL Image,"def compare_image_distance(img1, img2):",region15
Mean Squared Error between the pixel values of the two images,"def compare_image_distance(img1, img2):",region15
arr = np.array(img1),"def compare_image_distance(img1, img2):",region15
arr2 = np.array(img2),"def compare_image_distance(img1, img2):",region15
mse = ((arr-arr2)**2).mean().mean(),"def compare_image_distance(img1, img2):",region15
return mse,"def compare_image_distance(img1, img2):",region15
"def compare_image_to_images_distances(neighbor_image, window_imgs):","def compare_image_to_images_distances(neighbor_image, window_imgs):",region16
Vectorized comparison of an image to an array of images,"def compare_image_to_images_distances(neighbor_image, window_imgs):",region16
Parameters:,Parameters:,region17
neighbor_image: PIL Image,Parameters:,region17
window_imgs: array of PIL Images,Parameters:,region17
array of MSE distances between neighbor_image and each image of window_imgs,Parameters:,region17
arr_img = np.array(neighbor_image),Parameters:,region17
arr_images = np.array([np.array(x) for x in window_imgs]),Parameters:,region17
vector_arr = np.array([np.array(x) for x in window_imgs]),Parameters:,region17
MSEs = ((vector_arr - arr_img)**2).mean(axis=1).mean(axis=1).mean(axis=1),Parameters:,region17
return MSEs,Parameters:,region17
def get_all_image_comparisons_matrix(file_image_map):,def get_all_image_comparisons_matrix(file_image_map):,region18
Generates a matrix of all Mean Squared Errors between every combination of PIL Images.,def get_all_image_comparisons_matrix(file_image_map):,region18
Parameters:,Parameters:,region19
file_image_map : dictionary mapping filename to its respective PIL Image object,Parameters:,region19
file_index_map : dictionary mapping filename to its index location in the matrix (for quick lookups),Parameters:,region19
all_distances : matrix of dimension (num_images X num_images) of all Mean Squared Errors,Parameters:,region19
file_index_map = {},file_index_map = {},region20
index = 0,file_index_map = {},region20
all_distances = [],file_index_map = {},region20
for file in file_image_map.keys():,file_index_map = {},region20
file_distances = [],file_index_map = {},region20
img = file_image_map[file],file_index_map = {},region20
file_index_map[file] = index,file_index_map = {},region20
index += 1,file_index_map = {},region20
for compare_file in file_image_map.keys():,file_index_map = {},region20
compare_image = file_image_map[compare_file],file_index_map = {},region20
"distance = compare_image_distance(img, compare_image)",file_index_map = {},region20
file_distances.append(distance),file_index_map = {},region20
all_distances.append(file_distances),file_index_map = {},region20
"return file_index_map, all_distances",file_index_map = {},region20
"def make_mosaic_kmeans(target_photo, photos_dir=""Photos/""):","def make_mosaic_kmeans(target_photo, photos_dir=Photos/, first_run = False):",region21
"def make_mosaic_kmeans(target_photo, photos_dir=""Photos/"", first_run = False):","def make_mosaic_kmeans(target_photo, photos_dir=Photos/, first_run = False):",region21
Generates a photo mosaic image of a target photo given a folder of images.,"def make_mosaic_kmeans(target_photo, photos_dir=Photos/, first_run = False):",region21
"This method uses kmeans clustering to extract the top 4 dominant colors of an image, and then","def make_mosaic_kmeans(target_photo, photos_dir=Photos/, first_run = False):",region21
map each pixel of the target image to an image in photos_dir that includes a high yield of a,"def make_mosaic_kmeans(target_photo, photos_dir=Photos/, first_run = False):",region21
dominant color that is similar to that given pixel.,"def make_mosaic_kmeans(target_photo, photos_dir=Photos/, first_run = False):",region21
"This approach was experimentally less succesful than the average pixel mapping algorithm, ""make_mosaic_avg""","This approach was experimentally less succesful than the average pixel mapping algorithm, make_mosaic_avg",region22
Parameters:,Parameters:,region23
target_photo : filename of target photo (string),Parameters:,region23
photos_dir : name of folder of images (string),Parameters:,region23
first_run : Boolean if this is the first time this method is being run,Parameters:,region23
This method includes a time-extensive method which should only be run once per photo_dir,Parameters:,region23
PIL Image of generated photo mosaic,Parameters:,region23
#get dictionary mapping each filename to its respective image,#get dictionary mapping each filename to its respective image,region24
file_image_map = get_all_images(photos_dir),#get dictionary mapping each filename to its respective image,region24
file_image_map = get_file_image_map(photos_dir),#get dictionary mapping each filename to its respective image,region24
"#only run kmeans clustering the first time you do this, so you can use the same set of photos for multiple target images without running this often",#get dictionary mapping each filename to its respective image,region24
if first_run:,#get dictionary mapping each filename to its respective image,region24
df = get_kmeans_dataframe_all_photos(file_image_map),#get dictionary mapping each filename to its respective image,region24
kmeans_dataframe = get_kmeans_dataframe_all_photos(file_image_map),#get dictionary mapping each filename to its respective image,region24
"df.to_csv(""kmean_data_all_photos.csv"",index=False)",#get dictionary mapping each filename to its respective image,region24
"kmeans_dataframe.to_csv(""kmean_data_all_photos.csv"",index=False)",#get dictionary mapping each filename to its respective image,region24
"kmeans_dataframe = pd.read_csv(""kmean_data_all_photos.csv"")",#get dictionary mapping each filename to its respective image,region24
"kmeans_dataframe[""centroid""] = kmeans_dataframe[""centroid""].map(string_to_tuple)",#get dictionary mapping each filename to its respective image,region24
#get list of all centroids,#get list of all centroids,region25
all_centroids = kmeans_dataframe['centroid'].values.astype(tuple),#get list of all centroids,region25
all_centroids = kmeans_dataframe['centroid'].tolist(),#get list of all centroids,region25
#initialize KD Tree,#get list of all centroids,region25
nearest_neighbors_tree = KDTree(all_centroids),#get list of all centroids,region25
#prep image,#get list of all centroids,region25
img = Image.open(target_photo),#get list of all centroids,region25
"img = scale_image_to_basewidth(img, basewidth=50)","img = scale_image_to_basewidth(img, basewidth=50)",region26
image_matrix = img.load(),"img = scale_image_to_basewidth(img, basewidth=50)",region26
# image_matrix = img.load(),"img = scale_image_to_basewidth(img, basewidth=50)",region26
"width, height = img.size","img = scale_image_to_basewidth(img, basewidth=50)",region26
"# width, height = img.size","img = scale_image_to_basewidth(img, basewidth=50)",region26
#loop through each pixel of the target image,#loop through each pixel of the target image,region27
for y in range(height):,#loop through each pixel of the target image,region27
#      for y in range(height):,#loop through each pixel of the target image,region27
for x in range(width):,#loop through each pixel of the target image,region27
# for x in range(width):,#loop through each pixel of the target image,region27
"pixel = image_matrix[x,y]",#loop through each pixel of the target image,region27
"#          pixel = image_matrix[x,y]",#loop through each pixel of the target image,region27
"#         pixel = image_matrix[x,y]",#loop through each pixel of the target image,region27
#find the 10 photos that have a dominant centroid most near the current pixel,#loop through each pixel of the target image,region27
"#         nearest_neighbors = tree.query(pixel, k = 1)",#loop through each pixel of the target image,region27
"nearest_neighbors = tree.query(pixel, k = 1)",#loop through each pixel of the target image,region27
"nearest_neighbors = nearest_neighbors_tree.query(pixel, k = 1)",#loop through each pixel of the target image,region27
"nearest_neighbors = nearest_neighbors_tree.query(pixel, k = 10)",#loop through each pixel of the target image,region27
#generate subset of kmeans_dataframe that includes only the top-10 nearest neighbors,#generate subset of kmeans_dataframe that includes only the top-10 nearest neighbors,region28
closest_files_dfs = [],#generate subset of kmeans_dataframe that includes only the top-10 nearest neighbors,region28
for i in range(10):,#generate subset of kmeans_dataframe that includes only the top-10 nearest neighbors,region28
"pixel_index = nearest_neighbors[1][0]#[random.randint(0, 9)]",#generate subset of kmeans_dataframe that includes only the top-10 nearest neighbors,region28
"pixel_index = nearest_neighbors[1][i]#[random.randint(0, 9)]",#generate subset of kmeans_dataframe that includes only the top-10 nearest neighbors,region28
#         neighbor_pixel = all_pixels[pixel_index],#generate subset of kmeans_dataframe that includes only the top-10 nearest neighbors,region28
neighbor_pixel = all_pixels[pixel_index],#generate subset of kmeans_dataframe that includes only the top-10 nearest neighbors,region28
neighbor_pixel = all_avg_pixels[pixel_index],#generate subset of kmeans_dataframe that includes only the top-10 nearest neighbors,region28
neighbor_pixel = all_centroids[pixel_index],#generate subset of kmeans_dataframe that includes only the top-10 nearest neighbors,region28
"closest_files = kmeans_dataframe[kmeans_dataframe['centroid'] == neighbor_pixel][""filename""].values",#generate subset of kmeans_dataframe that includes only the top-10 nearest neighbors,region28
"closest_files = kmeans_dataframe[kmeans_dataframe['centroid'] == neighbor_pixel]#[""filename""].values",#generate subset of kmeans_dataframe that includes only the top-10 nearest neighbors,region28
closest_files_dfs.append(closest_files),#generate subset of kmeans_dataframe that includes only the top-10 nearest neighbors,region28
closest_files_df = pd.concat(closest_files_dfs),#generate subset of kmeans_dataframe that includes only the top-10 nearest neighbors,region28
# pick a random image of the top 10 centroid matches,# pick a random image of the top 10 centroid matches,region29
"closest_file = closest_files_df.sort_values(""percent"",ascending=False)['filename'].values[0]",# pick a random image of the top 10 centroid matches,region29
"closest_file = closest_files_df.sort_values(""percent"",ascending=False)['filename'].values[random.randint(0, 9)]",# pick a random image of the top 10 centroid matches,region29
#gets the image given the filename,# pick a random image of the top 10 centroid matches,region29
closest_img = file_image_map[closest_file],# pick a random image of the top 10 centroid matches,region29
#add new image object running row image,#add new image object running row image,region30
if x == 0:,#add new image object running row image,region30
row_image = closest_img,#add new image object running row image,region30
"row_image = get_concat_h(row_image, closest_img)",#add new image object running row image,region30
#add row image object to running column image,#add new image object running row image,region30
if y == 0:,#add new image object running row image,region30
column_image = row_image,#add new image object running row image,region30
"column_image = get_concat_v(column_image, row_image)",#add new image object running row image,region30
#return stack of images as one,#add new image object running row image,region30
return column_image,#add new image object running row image,region30
"def make_mosaic_avg(target_photo, photos_dir=""Photos/""):","def make_mosaic_avg(target_photo, photos_dir=Photos/, basewidth=50, pixelWidth=50):",region31
"def make_mosaic_avg(target_photo, photos_dir=""Photos/"", basewidth=50):","def make_mosaic_avg(target_photo, photos_dir=Photos/, basewidth=50, pixelWidth=50):",region31
"def make_mosaic_avg(target_photo, photos_dir=""Photos/"", basewidth=50, pixelWidth=50):","def make_mosaic_avg(target_photo, photos_dir=Photos/, basewidth=50, pixelWidth=50):",region31
"This function takes in a target_photo filename, a photos_dir directory name, the basewidth of pixels for the target image to be reshaped to,","def make_mosaic_avg(target_photo, photos_dir=Photos/, basewidth=50, pixelWidth=50):",region31
"and the pixelWidth, which is the width of each image replacing each pixel in the resized target image","def make_mosaic_avg(target_photo, photos_dir=Photos/, basewidth=50, pixelWidth=50):",region31
#maps filenames to PIL image objects,"def make_mosaic_avg(target_photo, photos_dir=Photos/, basewidth=50, pixelWidth=50):",region31
"file_image_map = get_file_image_map(photos_dir, width = pixelWidth)","def make_mosaic_avg(target_photo, photos_dir=Photos/, basewidth=50, pixelWidth=50):",region31
#maps filenames to the file's average pixel value,"def make_mosaic_avg(target_photo, photos_dir=Photos/, basewidth=50, pixelWidth=50):",region31
file_avgPixel_map = get_file_avgPixelMap(file_image_map),"def make_mosaic_avg(target_photo, photos_dir=Photos/, basewidth=50, pixelWidth=50):",region31
#maps avg pixel values back to filenames,"def make_mosaic_avg(target_photo, photos_dir=Photos/, basewidth=50, pixelWidth=50):",region31
pixel_files_map = get_pixel_files_map(file_avgPixel_map),"def make_mosaic_avg(target_photo, photos_dir=Photos/, basewidth=50, pixelWidth=50):",region31
#array of all average pixels. There should be one element per file.,"def make_mosaic_avg(target_photo, photos_dir=Photos/, basewidth=50, pixelWidth=50):",region31
all_avg_pixels = get_all_avg_pixels_array(pixel_files_map),"def make_mosaic_avg(target_photo, photos_dir=Photos/, basewidth=50, pixelWidth=50):",region31
all_avg_pixels = get_all_avg_pixels_array(file_avgPixel_map),"def make_mosaic_avg(target_photo, photos_dir=Photos/, basewidth=50, pixelWidth=50):",region31
"#gets a matrix of all image similarity comparisons, as well as a mapping from filename to index in the matrix.","def make_mosaic_avg(target_photo, photos_dir=Photos/, basewidth=50, pixelWidth=50):",region31
"file_index_map, all_distances_matrix = get_all_image_comparisons_matrix(file_image_map)","def make_mosaic_avg(target_photo, photos_dir=Photos/, basewidth=50, pixelWidth=50):",region31
#initialize datatype for quick lookup of similar pixels,"def make_mosaic_avg(target_photo, photos_dir=Photos/, basewidth=50, pixelWidth=50):",region31
nearest_neighbors_tree = KDTree(all_avg_pixels),"def make_mosaic_avg(target_photo, photos_dir=Photos/, basewidth=50, pixelWidth=50):",region31
#load and prep image,"def make_mosaic_avg(target_photo, photos_dir=Photos/, basewidth=50, pixelWidth=50):",region31
img = Image.open(target_photo),"def make_mosaic_avg(target_photo, photos_dir=Photos/, basewidth=50, pixelWidth=50):",region31
"img = scale_image_to_basewidth(img, basewidth=80)","def make_mosaic_avg(target_photo, photos_dir=Photos/, basewidth=50, pixelWidth=50):",region31
"img = scale_image_to_basewidth(img, basewidth=basewidth)","def make_mosaic_avg(target_photo, photos_dir=Photos/, basewidth=50, pixelWidth=50):",region31
image_matrix = img.load(),"def make_mosaic_avg(target_photo, photos_dir=Photos/, basewidth=50, pixelWidth=50):",region31
# image_matrix = img.load(),"def make_mosaic_avg(target_photo, photos_dir=Photos/, basewidth=50, pixelWidth=50):",region31
"width, height = img.size","def make_mosaic_avg(target_photo, photos_dir=Photos/, basewidth=50, pixelWidth=50):",region31
"# width, height = img.size","def make_mosaic_avg(target_photo, photos_dir=Photos/, basewidth=50, pixelWidth=50):",region31
#initialize matrix to be used to check nearby appended images so as to not add a duplicate,"def make_mosaic_avg(target_photo, photos_dir=Photos/, basewidth=50, pixelWidth=50):",region31
filename_matrix = [],"def make_mosaic_avg(target_photo, photos_dir=Photos/, basewidth=50, pixelWidth=50):",region31
#basically window size in sliding window algorithm,"def make_mosaic_avg(target_photo, photos_dir=Photos/, basewidth=50, pixelWidth=50):",region31
min_array_distance_between_similar_photos = 2,"def make_mosaic_avg(target_photo, photos_dir=Photos/, basewidth=50, pixelWidth=50):",region31
min_array_distance_between_similar_photos = 3,"def make_mosaic_avg(target_photo, photos_dir=Photos/, basewidth=50, pixelWidth=50):",region31
min_array_distance_between_similar_photos = 7,"def make_mosaic_avg(target_photo, photos_dir=Photos/, basewidth=50, pixelWidth=50):",region31
min_array_distance_between_similar_photos = 5,"def make_mosaic_avg(target_photo, photos_dir=Photos/, basewidth=50, pixelWidth=50):",region31
#loop through each pixel of the target image,#loop through each pixel of the target image,region32
for y in range(height):,#loop through each pixel of the target image,region32
#      for y in range(height):,#loop through each pixel of the target image,region32
filename_matrix.append([]),#loop through each pixel of the target image,region32
for x in range(width):,#loop through each pixel of the target image,region32
# for x in range(width):,#loop through each pixel of the target image,region32
"pixel = image_matrix[x,y]",#loop through each pixel of the target image,region32
"#          pixel = image_matrix[x,y]",#loop through each pixel of the target image,region32
"#         pixel = image_matrix[x,y]",#loop through each pixel of the target image,region32
#select 200 nearest neighbors,#loop through each pixel of the target image,region32
"nearest_neighbors_indexes = nearest_neighbors_tree.query(pixel, k = 100)[1]",#loop through each pixel of the target image,region32
"nearest_neighbors_indexes = nearest_neighbors_tree.query(pixel, k = 200)[1]",#loop through each pixel of the target image,region32
#loop through sliding window of filenames appended nearby to ensure no similar images are near,#loop through each pixel of the target image,region32
valid_image_found = False,#loop through each pixel of the target image,region32
for pixel_index in nearest_neighbors_indexes:,#loop through each pixel of the target image,region32
if not valid_image_found:,#loop through each pixel of the target image,region32
"#search for a neighbor that fits the constraint of not being in the last min_distance rows or columns, then break",#loop through each pixel of the target image,region32
#         neighbor_pixel = all_pixels[pixel_index],#loop through each pixel of the target image,region32
neighbor_pixel = all_pixels[pixel_index],#loop through each pixel of the target image,region32
neighbor_pixel = all_avg_pixels[pixel_index],#loop through each pixel of the target image,region32
neighbor_pixel = all_centroids[pixel_index],#loop through each pixel of the target image,region32
#         closest_file = filename_map[neighbor_pixel],#loop through each pixel of the target image,region32
closest_file = filename_map[neighbor_pixel][0],#loop through each pixel of the target image,region32
closest_file = pixel_files_map[neighbor_pixel][0],#loop through each pixel of the target image,region32
neighbor_file = pixel_files_map[neighbor_pixel][0],#loop through each pixel of the target image,region32
# closest_file = pixel_files_map[neighbor_pixel][0],#loop through each pixel of the target image,region32
neighbor_image = file_image_map[neighbor_file],#loop through each pixel of the target image,region32
neighbor_distance_index = file_index_map[neighbor_file],#loop through each pixel of the target image,region32
"window_x_min = max(0, x-min_array_distance_between_similar_photos)","window_x_min = max(0, x-min_array_distance_between_similar_photos)",region33
"window_y_min = max(0, y-min_array_distance_between_similar_photos)","window_x_min = max(0, x-min_array_distance_between_similar_photos)",region33
"window_x_max = min(width-1, x+min_array_distance_between_similar_photos)","window_x_min = max(0, x-min_array_distance_between_similar_photos)",region33
if x == 0 and y == 0:,"window_x_min = max(0, x-min_array_distance_between_similar_photos)",region33
image_toAdd = neighbor_image,"window_x_min = max(0, x-min_array_distance_between_similar_photos)",region33
filename_toAdd = neighbor_file,"window_x_min = max(0, x-min_array_distance_between_similar_photos)",region33
image_toAdd = 4 #this is for debugging to ensure we don't accidentally recycle this variable in the loop,"window_x_min = max(0, x-min_array_distance_between_similar_photos)",region33
"isValid = True #starts true, then gets disqualified potentially","window_x_min = max(0, x-min_array_distance_between_similar_photos)",region33
window_imgs = [],"window_x_min = max(0, x-min_array_distance_between_similar_photos)",region33
"for window_y in range(window_y_min, y):","window_x_min = max(0, x-min_array_distance_between_similar_photos)",region33
"for window_y in range(window_y_min, y+1):","window_x_min = max(0, x-min_array_distance_between_similar_photos)",region33
if not valid_image_found:,"window_x_min = max(0, x-min_array_distance_between_similar_photos)",region33
"for window_x in range(window_x_min, x):","window_x_min = max(0, x-min_array_distance_between_similar_photos)",region33
"for window_x in range(window_x_min, window_x_max + 1):","window_x_min = max(0, x-min_array_distance_between_similar_photos)",region33
if not valid_image_found:,"window_x_min = max(0, x-min_array_distance_between_similar_photos)",region33
if not (window_y == y and window_x == x):,"window_x_min = max(0, x-min_array_distance_between_similar_photos)",region33
if not (window_y == y and window_x >= x):,"window_x_min = max(0, x-min_array_distance_between_similar_photos)",region33
window_file = filename_matrix[window_y][window_x],"window_x_min = max(0, x-min_array_distance_between_similar_photos)",region33
window_img = file_image_map[window_file],"window_x_min = max(0, x-min_array_distance_between_similar_photos)",region33
window_file_index = file_index_map[window_file],"window_x_min = max(0, x-min_array_distance_between_similar_photos)",region33
# window_img = file_image_map[window_file],"window_x_min = max(0, x-min_array_distance_between_similar_photos)",region33
image_distance = all_distances_matrix[neighbor_distance_index][window_file_index],"window_x_min = max(0, x-min_array_distance_between_similar_photos)",region33
#arbitrary threshold that has good experimental results,"window_x_min = max(0, x-min_array_distance_between_similar_photos)",region33
if image_distance > 85:,"window_x_min = max(0, x-min_array_distance_between_similar_photos)",region33
if image_distance < 85:,"window_x_min = max(0, x-min_array_distance_between_similar_photos)",region33
# if image_distance < 85:,"window_x_min = max(0, x-min_array_distance_between_similar_photos)",region33
if image_distances.max() < 85:,"window_x_min = max(0, x-min_array_distance_between_similar_photos)",region33
# if image_distances.min() < 85:,"window_x_min = max(0, x-min_array_distance_between_similar_photos)",region33
isValid = False,"window_x_min = max(0, x-min_array_distance_between_similar_photos)",region33
"#if isValid is still true, then set flags to continue out of these loops","window_x_min = max(0, x-min_array_distance_between_similar_photos)",region33
if isValid:,"window_x_min = max(0, x-min_array_distance_between_similar_photos)",region33
valid_image_found = True,"window_x_min = max(0, x-min_array_distance_between_similar_photos)",region33
image_toAdd = neighbor_image,"window_x_min = max(0, x-min_array_distance_between_similar_photos)",region33
filename_toAdd = neighbor_file,"window_x_min = max(0, x-min_array_distance_between_similar_photos)",region33
#add image_toAdd to row,"window_x_min = max(0, x-min_array_distance_between_similar_photos)",region33
if x == 0:,"window_x_min = max(0, x-min_array_distance_between_similar_photos)",region33
row_image = image_toAdd,"window_x_min = max(0, x-min_array_distance_between_similar_photos)",region33
"row_image = get_concat_h(row_image, image_toAdd)","window_x_min = max(0, x-min_array_distance_between_similar_photos)",region33
#add filename of appended image to filename_matrix,"window_x_min = max(0, x-min_array_distance_between_similar_photos)",region33
filename_matrix[y].append(filename_toAdd),"window_x_min = max(0, x-min_array_distance_between_similar_photos)",region33
#append row of images to an image of all previous columns,"window_x_min = max(0, x-min_array_distance_between_similar_photos)",region33
if y == 0:,"window_x_min = max(0, x-min_array_distance_between_similar_photos)",region33
column_image = row_image,"window_x_min = max(0, x-min_array_distance_between_similar_photos)",region33
"column_image = get_concat_v(column_image, row_image)","window_x_min = max(0, x-min_array_distance_between_similar_photos)",region33
#return all columns of images of rows of images appended together,"window_x_min = max(0, x-min_array_distance_between_similar_photos)",region33
return column_image,"window_x_min = max(0, x-min_array_distance_between_similar_photos)",region33
basewidth = 50,basewidth = 60,region34
basewidth = 60,basewidth = 60,region34
printer_dpi = 12000,basewidth = 60,region34
printer_inches = 24,basewidth = 60,region34
printer_pixels = printer_dpi * printer_inches,basewidth = 60,region34
pixels_per_row = basewidth,pixels_per_row = basewidth,region35
pixelWidth = printer_pixels // pixels_per_row,pixels_per_row = basewidth,region35
print(pixel),pixels_per_row = basewidth,region35
#print(pixel),pixels_per_row = basewidth,region35
print(pixels),pixels_per_row = basewidth,region35
print(pixels.shape),pixels_per_row = basewidth,region35
print(len(pixels)),pixels_per_row = basewidth,region35
print(pixelWidth),pixels_per_row = basewidth,region35
"target_photo = ""angie_flower.jpeg""",target_photo = angie_flower.jpeg,region36
"target_photo = ""angie_me.jpeg""",target_photo = angie_flower.jpeg,region36
"photos_dir = ""Photos/""",target_photo = angie_flower.jpeg,region36
"for width in [25, 50, 100, 4800]:","for width in [25, 50, 100, 4800]:",region37
height = width,"for width in [25, 50, 100, 4800]:",region37
"img = Image.open(""target_angie.jpg"")",img = Image.open(angie_bed1.jpg),region38
"img = Image.open(""angie_bed1.jpg"")",img = Image.open(angie_bed1.jpg),region38
"img.draft(""RGB"",(width,height))",img = Image.open(angie_bed1.jpg),region38
"img = img.resize((width, height), Image.ANTIALIAS)",img = Image.open(angie_bed1.jpg),region38
"img = img.resize((width, height), Image.Resampling.LANCZOS)",img = Image.open(angie_bed1.jpg),region38
"img2 = Image.open(""angie_bed2.jpg"")",img2 = Image.open(angie_bed2.jpg),region39
"img3 = Image.open(""angie_bed2.jpg"")",img2 = Image.open(angie_bed2.jpg),region39
"img2.draft(""RGB"",(width,height))",img2 = Image.open(angie_bed2.jpg),region39
"img2 = img2.resize((width, height), Image.Resampling.LANCZOS)",img2 = Image.open(angie_bed2.jpg),region39
"print(width, compare_image_distance(img, img2))",img2 = Image.open(angie_bed2.jpg),region39
"img = make_mosaic_avg(target_photo, photos_dir)","img = make_mosaic_avg(target_photo, photos_dir, basewidth=basewidth, pixelWidth=pixelWidth)",region40
"# img = make_mosaic_avg(target_photo, photos_dir)","img = make_mosaic_avg(target_photo, photos_dir, basewidth=basewidth, pixelWidth=pixelWidth)",region40
"# img = make_mosaic_avg(target_photo, photos_dir, basewidth=50)","img = make_mosaic_avg(target_photo, photos_dir, basewidth=basewidth, pixelWidth=pixelWidth)",region40
"img = make_mosaic_avg(target_photo, photos_dir, basewidth=60)","img = make_mosaic_avg(target_photo, photos_dir, basewidth=basewidth, pixelWidth=pixelWidth)",region40
"img = make_mosaic_avg(target_photo, photos_dir, basewidth=60, pixelWidth=200)","img = make_mosaic_avg(target_photo, photos_dir, basewidth=basewidth, pixelWidth=pixelWidth)",region40
"img = make_mosaic_avg(target_photo, photos_dir, basewidth=basewidth, pixelWidth=pixelWidth)","img = make_mosaic_avg(target_photo, photos_dir, basewidth=basewidth, pixelWidth=pixelWidth)",region40
"column_image.save(""mosaic.jpg"")","img = make_mosaic_avg(target_photo, photos_dir, basewidth=basewidth, pixelWidth=pixelWidth)",region40
"#mosaic_image.save(""mosaic.jpg"")","img = make_mosaic_avg(target_photo, photos_dir, basewidth=basewidth, pixelWidth=pixelWidth)",region40
"img.save(""mosaic.jpg"")","img = make_mosaic_avg(target_photo, photos_dir, basewidth=basewidth, pixelWidth=pixelWidth)",region40
"# img.save(""mosaic.jpg"")","img = make_mosaic_avg(target_photo, photos_dir, basewidth=basewidth, pixelWidth=pixelWidth)",region40
"img.save(""mosaic_meAngie.jpg"")","img = make_mosaic_avg(target_photo, photos_dir, basewidth=basewidth, pixelWidth=pixelWidth)",region40
"img.save(""mosaic_huge.jpg"")","img = make_mosaic_avg(target_photo, photos_dir, basewidth=basewidth, pixelWidth=pixelWidth)",region40
