activity,lineID,regionID
Plan our wordle UI and interaction requirements,# Functional Requirements,region0
Update planning document,### Pick a solution word,region1
Updating requirements,### Making a guess,region2
Plan our wordle UI and interaction requirements,### Submit guess,region3
Updating requirements,### Submit guess,region3
Update planning document,### Submit guess,region3
Update notes,### Submit guess,region3
Plan our wordle UI and interaction requirements,"Guesses must be a real word, in word list",region4
Plan our wordle UI and interaction requirements,Hard Mode: present or correct letters must be used in subsequent guesses,region5
Updating requirements,Hard Mode: present or correct letters must be used in subsequent guesses,region5
Plan our wordle UI and interaction requirements,## Design,region6
Plan our wordle UI and interaction requirements,## Interactions,region7
Plan our wordle UI and interaction requirements,When submitting guess:,region8
Update notes,When submitting guess:,region8
