line,lineID,regionID
# Functional Requirements,# Functional Requirements,region0
## Gameplay,# Functional Requirements,region0
6 tries to guess a 5-letter word,# Functional Requirements,region0
### Pick a solution word,### Pick a solution word,region1
x Store solution words in array,### Pick a solution word,region1
"x When game is loaded, choose random item from array",### Pick a solution word,region1
x Set solution to that word,### Pick a solution word,region1
### Making a guess,### Making a guess,region2
Detect keypresses,### Making a guess,region2
x if keypress is a letter,### Making a guess,region2
"x update ""letters"" attribute",### Making a guess,region2
"x update tile markup based on ""letters"" value",### Making a guess,region2
x if keypress is backspace,### Making a guess,region2
"x delete last letter in ""letters""",### Making a guess,region2
"x update tile markup based on ""letters""",### Making a guess,region2
"x Don't run update functions if ""letters"" length = 4;",### Making a guess,region2
### Submit guess,### Submit guess,region3
Enter will submit guess,### Submit guess,region3
Pressing Enter will submit guess,### Submit guess,region3
- Pressing Enter will submit guess,### Submit guess,region3
x Pressing Enter will submit guess,### Submit guess,region3
- compare each letter with the corresponding letter in solution word,### Submit guess,region3
x compare each letter with the corresponding letter in solution word,### Submit guess,region3
- update the state/color of the letter,### Submit guess,region3
x update the state/color of the letter,### Submit guess,region3
"- If all letters are ""correct"" / green, game is won",### Submit guess,region3
"Guesses must be a real word, ""in word list""","Guesses must be a real word, in word list",region4
Guess colors (data-state):,"Guesses must be a real word, in word list",region4
"- gray: ""absent,"" letter not in word","Guesses must be a real word, in word list",region4
"- yellow: ""present,"" letter in word, but in wrong position","Guesses must be a real word, in word list",region4
"- green: ""correct,"" letter in word and in right position","Guesses must be a real word, in word list",region4
Hard Mode: present or correct letters must be used in subsequent guesses,Hard Mode: present or correct letters must be used in subsequent guesses,region5
Guesses are saved in Local Storage,Hard Mode: present or correct letters must be used in subsequent guesses,region5
## Design,## Design,region6
Tiles 5x6,## Design,region6
Virtual keyboard,## Design,region6
## Interactions,## Interactions,region7
When typing a letter:,## Interactions,region7
- border of the tile changes to light gray,## Interactions,region7
- blinking in animation with letter,## Interactions,region7
"- backspace will remove letter, border changes back to dark gray",## Interactions,region7
When submitting guess:,When submitting guess:,region8
- Tiles will flip up and background color will change based on guess,When submitting guess:,region8
- Slight delay between each tile flipping,When submitting guess:,region8
"- Background color changes when tile is flat, i.e. can't see it",When submitting guess:,region8
