line,lineID,regionID
console.log('keypress');,//console.log(keypress);,region0
//console.log('keypress');,//console.log(keypress);,region0
const LettersPattern = /[a-zA-Z]/ // /^[A-Za-z][A-Za-z0-9]*$/;,//console.log(keypress);,region0
const lettersPattern = /[a-z]/; // /^[A-Za-z][A-Za-z0-9]*$/;,//console.log(keypress);,region0
let currentGuessCount = 1;,//console.log(keypress);,region0
let currentGuess = document.querySelector('#guess' + currentGuessCount);,//console.log(keypress);,region0
"let words = ['apple', 'baker', 'store', 'horse', 'speak', 'clone', 'bread'];",//console.log(keypress);,region0
let solutionWord = '';,//console.log(keypress);,region0
const chooseWord = () => {,const chooseWord = () => {,region1
// choose random item from words array,const chooseWord = () => {,region1
let randomItem = Math.floor(Math.random() * (words.length - 1)) + 1;,const chooseWord = () => {,region1
solutionWord = words[randomItem];,const chooseWord = () => {,region1
chooseWord();,chooseWord();,region2
console.log('solution word = ' + solutionWord);,chooseWord();,region2
//console.log('solution word = ' + solutionWord);,chooseWord();,region2
"// detect keypress (letter, backspace, other)","// detect keypress (letter, backspace, enter, other)",region3
"// detect keypress (letter, backspace, enter, other)","// detect keypress (letter, backspace, enter, other)",region3
"document.addEventListener('keydown', () => {","// detect keypress (letter, backspace, enter, other)",region3
"document.addEventListener('keydown', (e) => {","// detect keypress (letter, backspace, enter, other)",region3
console.log('keypress: ' + e.key);,"// detect keypress (letter, backspace, enter, other)",region3
//console.log('keypress: ' + e.key);,"// detect keypress (letter, backspace, enter, other)",region3
let keypress = e.key;,"// detect keypress (letter, backspace, enter, other)",region3
if (currentGuessCount < 7) {,"// detect keypress (letter, backspace, enter, other)",region3
if (keypress.length == 1) {,"// detect keypress (letter, backspace, enter, other)",region3
keypress.length == 1 &&,"// detect keypress (letter, backspace, enter, other)",region3
lettersPattern.test(e.key) &&,"// detect keypress (letter, backspace, enter, other)",region3
currentGuess.dataset.letters.length < 5,"// detect keypress (letter, backspace, enter, other)",region3
console.log(isLetter),"// detect keypress (letter, backspace, enter, other)",region3
console.log('is letter'),"// detect keypress (letter, backspace, enter, other)",region3
//console.log('is letter'),"// detect keypress (letter, backspace, enter, other)",region3
//console.log('is letter');,"// detect keypress (letter, backspace, enter, other)",region3
updateLetters(keypress);,"// detect keypress (letter, backspace, enter, other)",region3
} else if (e.key == 'Backspace' && currentGuess.dataset.letters != '') {,"// detect keypress (letter, backspace, enter, other)",region3
console.log('is backspace');,"// detect keypress (letter, backspace, enter, other)",region3
//console.log('is backspace');,"// detect keypress (letter, backspace, enter, other)",region3
deleteFromLetters();,"// detect keypress (letter, backspace, enter, other)",region3
} else if (e.key == 'Enter' && currentGuess.dataset.letters.length == 5) {,"// detect keypress (letter, backspace, enter, other)",region3
submitGuess();,"// detect keypress (letter, backspace, enter, other)",region3
const submitGuess = () => {,const submitGuess = () => {,region4
console.log('submit guess');,const submitGuess = () => {,region4
//console.log('submit guess');,const submitGuess = () => {,region4
for (let i = 0; i < 5; i++) {,const submitGuess = () => {,region4
setTimeout(() => {,const submitGuess = () => {,region4
revealTile(checkLetter(i));,const submitGuess = () => {,region4
"revealTile(i, checkLetter(i));",const submitGuess = () => {,region4
"}, i * 200);",const submitGuess = () => {,region4
"}, 1500);",const submitGuess = () => {,region4
// const checkIfGuessComplete = () => {,const checkIfGuessComplete = (i) => {,region5
const checkIfGuessComplete = (i) => {,const checkIfGuessComplete = (i) => {,region5
if (i == 4){,const checkIfGuessComplete = (i) => {,region5
if (i == 4) {,const checkIfGuessComplete = (i) => {,region5
checkWin();,const checkIfGuessComplete = (i) => {,region5
const updateTiles = () => {},const jumpTiles = () => {,region6
const jumpTiles = () => {,const jumpTiles = () => {,region6
console.log('jumpTiles');,const jumpTiles = () => {,region6
//console.log('jumpTiles');,const jumpTiles = () => {,region6
console.log(currentGuessCount);,const jumpTiles = () => {,region6
//console.log(currentGuessCount);,const jumpTiles = () => {,region6
for (let i = 0; i < 5; i++) {,const jumpTiles = () => {,region6
setTimeout(() => {,const jumpTiles = () => {,region6
let currentTile = document.querySelector(,const jumpTiles = () => {,region6
'#guess' +currentGuessCount + 'Tile' + i,const jumpTiles = () => {,region6
'#guess' + currentGuessCount + 'Tile' + (i + 1),const jumpTiles = () => {,region6
currentTile.classList.add('jump');,const jumpTiles = () => {,region6
"}, i * 200);",const jumpTiles = () => {,region6
"}, 1500);",const jumpTiles = () => {,region6
const checkWin = () => {,const checkWin = () => {,region7
console.log('check win');,const checkWin = () => {,region7
//console.log('check win');,const checkWin = () => {,region7
if (solutionWord == currentGuess.dataset.letters) {,const checkWin = () => {,region7
console.log('game is won!');,const checkWin = () => {,region7
//console.log('game is won!');,const checkWin = () => {,region7
setTimeout(() => {,const checkWin = () => {,region7
jumpTiles();,const checkWin = () => {,region7
"}, i * 200);",const checkWin = () => {,region7
"}, 1500);",const checkWin = () => {,region7
// Not won,const checkWin = () => {,region7
currentGuessCount = currentGuessCount + 1;,const checkWin = () => {,region7
currentGuess = document.querySelector('#guess' + currentGuessCount);,const checkWin = () => {,region7
"console.log('not a win, increment guess count');",const checkWin = () => {,region7
"console.log('not a win, increment guess count to ' + currentGuessCount);",const checkWin = () => {,region7
"//console.log('not a win, increment guess count to ' + currentGuessCount);",const checkWin = () => {,region7
if (currentGuessCount == 7) {,const checkWin = () => {,region7
setTimeout(() => {,const checkWin = () => {,region7
showSolution();,const checkWin = () => {,region7
"}, i * 200);",const checkWin = () => {,region7
"}, 1500);",const checkWin = () => {,region7
const showSolution = () => {,const showSolution = () => {,region8
alert('Better luck next time. The solution was: ' + solutionWord);,const showSolution = () => {,region8
"// Update ""letters""",// Update letters,region9
const updateLetters = (letter) => {,// Update letters,region9
let currentLetters = currentGuess.dataset.letters;,// Update letters,region9
let oldLetters = currentGuess.dataset.letters;,// Update letters,region9
let newLetters = oldLetters + letter;,// Update letters,region9
let currentTile = newLetters.length;,// Update letters,region9
currentGuess.dataset.letters = newLetters;,// Update letters,region9
console.log('currentTile = ' + currentTile);,// Update letters,region9
//console.log('currentTile = ' + currentTile);,// Update letters,region9
console.log('currentGuess = ' + currentGuessCount);,// Update letters,region9
"updateTiles(currentTile, letter);",// Update letters,region9
// Update tile markup,// Update tile markup,region10
"const updateTiles = (tileNumber, letter) => {",// Update tile markup,region10
"console.log('updateTiles(' + tileNumber, letter + ')');",// Update tile markup,region10
"//console.log('updateTiles(' + tileNumber, letter + ')');",// Update tile markup,region10
let currentTile = document.querySelector(,// Update tile markup,region10
'#guess' + currentGuessCount + 'Tile' + tileNumber,// Update tile markup,region10
currentTile.innerText = letter;,// Update tile markup,region10
currentTile.classList.add('has-letter');,// Update tile markup,region10
// Backspace -- Delete last letter,// Backspace -- Delete last letter,region11
const deleteFromLetters = () => {,// Backspace -- Delete last letter,region11
// remove last letter from data-letters,// Backspace -- Delete last letter,region11
let currentLetters = currentGuess.dataset.letters;,// Backspace -- Delete last letter,region11
let oldLetters = currentGuess.dataset.letters;,// Backspace -- Delete last letter,region11
console.log('oldLetters = ' + oldLetters);,// Backspace -- Delete last letter,region11
//console.log('oldLetters = ' + oldLetters);,// Backspace -- Delete last letter,region11
"let newLetters = oldLetters.slice(0, -1);",// Backspace -- Delete last letter,region11
console.log('newLetters = ' + newLetters);,// Backspace -- Delete last letter,region11
//console.log('newLetters = ' + newLetters);,// Backspace -- Delete last letter,region11
currentGuess.dataset.letters = newLetters;,// Backspace -- Delete last letter,region11
deleteFromTiles(oldLetters.length);,// Backspace -- Delete last letter,region11
// Backspace -- Delete last tile markup,// Backspace -- Delete last tile markup,region12
const deleteFromTiles = (tileNumber) => {,// Backspace -- Delete last tile markup,region12
// remove markup from last tile,// Backspace -- Delete last tile markup,region12
console.log('deleteFromTiles = ' + tileNumber);,// Backspace -- Delete last tile markup,region12
//console.log('deleteFromTiles = ' + tileNumber);,// Backspace -- Delete last tile markup,region12
let currentTile = document.querySelector(,// Backspace -- Delete last tile markup,region12
'#guess' + currentGuessCount + 'Tile' + tileNumber,// Backspace -- Delete last tile markup,region12
currentTile.innerText = '';,// Backspace -- Delete last tile markup,region12
currentTile.classList.remove('has-letter');,// Backspace -- Delete last tile markup,region12
// Check letter to solution,// Check letter to solution,region13
// parameter = letter position in word,// Check letter to solution,region13
const checkLetter = (position) => {,// Check letter to solution,region13
//console.log('checkLetter');,// Check letter to solution,region13
let guessedLetter = currentGuess.dataset.letters.charAt(position);,// Check letter to solution,region13
let solutionLetter = solutionWord.charAt(position);,// Check letter to solution,region13
"//console.log(guessedLetter, solutionLetter);",// Check letter to solution,region13
"// If letters match, return ""correct""","// If letters match, return correct",region14
if (guessedLetter == solutionLetter) {,"// If letters match, return correct",region14
return 'correct';,"// If letters match, return correct",region14
"// If not a match, if letter exists in solution word, return ""present""","// If letters match, return correct",region14
return checkLetterExists(guessedLetter) ? 'present' : 'absent';,"// If letters match, return correct",region14
"// If not a match, if letter doesn't exist in solution, return ""absent""","// If not a match, if letter doesnt exist in solution, return absent",region15
const checkLetterExists = (letter) => {,const checkLetterExists = (letter) => {,region16
return solutionWord.includes(letter);,const checkLetterExists = (letter) => {,region16
const revealTile = (status) => {,"const revealTile = (i, state) => {",region17
"const revealTile = (i, status) => {","const revealTile = (i, state) => {",region17
"const revealTile = (i, state) => {","const revealTile = (i, state) => {",region17
"console.log('revealTile = ' + i, status);","const revealTile = (i, state) => {",region17
"console.log('revealTile = ' + i, state);","const revealTile = (i, state) => {",region17
"//console.log('revealTile = ' + i, state);","const revealTile = (i, state) => {",region17
let tileNum = i + 1;,"const revealTile = (i, state) => {",region17
"flipTile(tileNum, state);","const revealTile = (i, state) => {",region17
checkIfGuessComplete(i);,"const revealTile = (i, state) => {",region17
"const flipTile = (tileNum, state) => {","const flipTile = (tileNum, state) => {",region18
let tile = document.querySelector(,"const flipTile = (tileNum, state) => {",region18
'#guess' + currentGuessCount + 'Tile' + tileNum,"const flipTile = (tileNum, state) => {",region18
tile.classList.add('present');,"const flipTile = (tileNum, state) => {",region18
//  tile.classList.add('present');,"const flipTile = (tileNum, state) => {",region18
tile.classList.add('flip-in');,"const flipTile = (tileNum, state) => {",region18
setTimeout(() => {,"const flipTile = (tileNum, state) => {",region18
tile.classList.add('‘absent');,"const flipTile = (tileNum, state) => {",region18
//  tile.classList.add('‘absent');,"const flipTile = (tileNum, state) => {",region18
tile.classList.add(state);,"const flipTile = (tileNum, state) => {",region18
"}, i * 200);","const flipTile = (tileNum, state) => {",region18
"}, 1500);","const flipTile = (tileNum, state) => {",region18
setTimeout(() => {,"const flipTile = (tileNum, state) => {",region18
tile.classList.remove('flip-in');,"const flipTile = (tileNum, state) => {",region18
tile.classList.add('flip-out');,"const flipTile = (tileNum, state) => {",region18
"}, i * 200);","const flipTile = (tileNum, state) => {",region18
"}, 1500);","const flipTile = (tileNum, state) => {",region18
setTimeout(() => {,"const flipTile = (tileNum, state) => {",region18
tile.classList.remove('flip-out');,"const flipTile = (tileNum, state) => {",region18
"}, i * 200);","const flipTile = (tileNum, state) => {",region18
"}, 1500);","const flipTile = (tileNum, state) => {",region18
- if keypress is a letter,"const flipTile = (tileNum, state) => {",region18
"- update ""letters"" attribute","const flipTile = (tileNum, state) => {",region18
"- update tile markup based on ""letters"" value","const flipTile = (tileNum, state) => {",region18
- if keypress is backspace,"const flipTile = (tileNum, state) => {",region18
"- delete last letter in ""letters""","const flipTile = (tileNum, state) => {",region18
"- update tile markup based on ""letters""","const flipTile = (tileNum, state) => {",region18
