activity,lineID,regionID
Adding a key listener ,//console.log(keypress);,region0
Figure out whether or not an entered character is a letter,//console.log(keypress);,region0
build and call update letters function to track user guess,//console.log(keypress);,region0
Choosing a random correct answer for the puzzle,//console.log(keypress);,region0
update script based on index updates to the gameboard.,//console.log(keypress);,region0
Choosing a random correct answer for the puzzle,const chooseWord = () => {,region1
Choosing a random correct answer for the puzzle,chooseWord();,region2
Outline initial code via comments,"// detect keypress (letter, backspace, enter, other)",region3
Adding a key listener ,"// detect keypress (letter, backspace, enter, other)",region3
Figure out whether or not an entered character is a letter,"// detect keypress (letter, backspace, enter, other)",region3
build and call update letters function to track user guess,"// detect keypress (letter, backspace, enter, other)",region3
removing printing from update letters function,"// detect keypress (letter, backspace, enter, other)",region3
adding logic for deleting letters,"// detect keypress (letter, backspace, enter, other)",region3
Choosing a random correct answer for the puzzle,"// detect keypress (letter, backspace, enter, other)",region3
Handing the user pressing enter,"// detect keypress (letter, backspace, enter, other)",region3
Checking the user's guess,"// detect keypress (letter, backspace, enter, other)",region3
move logic for submitting a guess to submitGuess,"// detect keypress (letter, backspace, enter, other)",region3
final clean up,"// detect keypress (letter, backspace, enter, other)",region3
Handing the user pressing enter,const submitGuess = () => {,region4
Checking the user's guess,const submitGuess = () => {,region4
Showing user feedback on their guess ,const submitGuess = () => {,region4
Adding the tile flipping animation,const submitGuess = () => {,region4
make flip animations a little faster,const submitGuess = () => {,region4
more timing adjustments in script,const submitGuess = () => {,region4
move logic for submitting a guess to submitGuess,const submitGuess = () => {,region4
"check how many guesses user has made, remove unnecessary print statements",const submitGuess = () => {,region4
attempting to add jump animation in the script,const submitGuess = () => {,region4
final clean up,const submitGuess = () => {,region4
detect whether or not the user has won,const checkIfGuessComplete = (i) => {,region5
move logic for submitting a guess to submitGuess,const checkIfGuessComplete = (i) => {,region5
"check how many guesses user has made, remove unnecessary print statements",const checkIfGuessComplete = (i) => {,region5
final clean up,const checkIfGuessComplete = (i) => {,region5
removing printing from update letters function,const jumpTiles = () => {,region6
updating the tiles in index with the entered letters,const jumpTiles = () => {,region6
Adding the tile flipping animation,const jumpTiles = () => {,region6
make flip animations a little faster,const jumpTiles = () => {,region6
more timing adjustments in script,const jumpTiles = () => {,region6
update script based on index updates to the gameboard.,const jumpTiles = () => {,region6
attempting to add jump animation in the script,const jumpTiles = () => {,region6
tiles jump a little more,const jumpTiles = () => {,region6
final clean up,const jumpTiles = () => {,region6
Adding the tile flipping animation,const checkWin = () => {,region7
detect whether or not the user has won,const checkWin = () => {,region7
move logic for submitting a guess to submitGuess,const checkWin = () => {,region7
"check how many guesses user has made, remove unnecessary print statements",const checkWin = () => {,region7
attempting to add jump animation in the script,const checkWin = () => {,region7
final clean up,const checkWin = () => {,region7
final clean up,const showSolution = () => {,region8
Outline initial code via comments,// Update letters,region9
build and call update letters function to track user guess,// Update letters,region9
removing printing from update letters function,// Update letters,region9
updating the tiles in index with the entered letters,// Update letters,region9
Checking the user's guess,// Update letters,region9
Outline initial code via comments,// Update tile markup,region10
updating the tiles in index with the entered letters,// Update tile markup,region10
Checking the user's guess,// Update tile markup,region10
"show letters as users add and delete, reveal answer when user hits enter",// Update tile markup,region10
update script based on index updates to the gameboard.,// Update tile markup,region10
build and call update letters function to track user guess,// Backspace -- Delete last letter,region11
removing printing from update letters function,// Backspace -- Delete last letter,region11
updating the tiles in index with the entered letters,// Backspace -- Delete last letter,region11
adding logic for deleting letters,// Backspace -- Delete last letter,region11
adding logic for deleting letters,// Backspace -- Delete last tile markup,region12
Checking the user's guess,// Backspace -- Delete last tile markup,region12
"show letters as users add and delete, reveal answer when user hits enter",// Backspace -- Delete last tile markup,region12
update script based on index updates to the gameboard.,// Backspace -- Delete last tile markup,region12
Checking the user's guess,// Check letter to solution,region13
Checking the user's guess,"  // If letters match, return correct",region14
Checking the user's guess,"  // If not a match, if letter doesnt exist in solution, return absent",region15
Checking the user's guess,const checkLetterExists = (letter) => {,region16
Checking the user's guess,"const revealTile = (i, state) => {",region17
Showing user feedback on their guess ,"const revealTile = (i, state) => {",region17
Adding the tile flipping animation,"const revealTile = (i, state) => {",region17
"check how many guesses user has made, remove unnecessary print statements","const revealTile = (i, state) => {",region17
Outline initial code via comments,"const flipTile = (tileNum, state) => {",region18
Showing user feedback on their guess ,"const flipTile = (tileNum, state) => {",region18
Adding the tile flipping animation,"const flipTile = (tileNum, state) => {",region18
make flip animations a little faster,"const flipTile = (tileNum, state) => {",region18
more timing adjustments in script,"const flipTile = (tileNum, state) => {",region18
update script based on index updates to the gameboard.,"const flipTile = (tileNum, state) => {",region18
move logic for submitting a guess to submitGuess,"const flipTile = (tileNum, state) => {",region18
final adjustments to the animations,"const flipTile = (tileNum, state) => {",region18
final clean up,"const flipTile = (tileNum, state) => {",region18
