eventID,time,filename
5,120,revisit: localhost:9000/wordleStory.html;
6,199,revisit: localhost:3000;
7,202,search: event listener javascript;
8,202,revisit: localhost:9000/wordleStory.html;
9,203,revisit: Window: DOMContentLoaded event - Web APIs | MDN;
10,203,revisit: JavaScript for Loop;
11,204,revisit: Array - JavaScript | MDN;
12,204,revisit: JavaScript Random;
13,205,"revisit: ASCII Table - ASCII Character Codes, HTML, Octal, Hex, Decimal;"
20,1205,search: pil image;
21,1214,search: pil image from jpg;
22,1215,visit: Image Module - Pillow (PIL Fork) 9.4.0 documentation;
25,1682,search: print in python;
24,1682,visit: Python print() Function;
