eventID,time,filename
4,386,visit: Array - JavaScript | MDN;
8,732,visit: localhost:3000;
9,871,search: mdn addeventlistener;
10,872,visit: EventTarget.addEventListener() - Web APIs | MDN;
11,1015,visit: EventTarget.addEventListener() - Web APIs | MDN;
15,1329,revisit: localhost:3000;
16,1347,revisit: EventTarget.addEventListener() - Web APIs | MDN;
17,1348,revisit: Array - JavaScript | MDN;
18,1356,visit: Array() constructor - JavaScript | MDN;
22,1371,visit: localhost:3000;
23,1372,revisit: localhost:3000;
24,1376,visit: localhost:3000;
25,1395,revisit: Array() constructor - JavaScript | MDN;
29,1411,visit: localhost:3000;
30,1412,revisit: localhost:3000;
31,1419,visit: localhost:3000;
32,1428,revisit: Array() constructor - JavaScript | MDN;
33,1432,visit: Array.prototype.push() - JavaScript | MDN;
37,1457,visit: localhost:3000;
38,1459,revisit: localhost:3000;
53,1717,visit: localhost:3000;
54,1778,visit: localhost:3000;
