eventID,time,filename
5,313,revisit: localhost:9000/wordleStory.html;
7,419,visit: localhost:3000;
8,422,revisit: localhost:3000;
9,502,visit: about:blank#blocked;
10,502,revisit: about:blank#blocked;
11,504,revisit: localhost:9000/wordleStory.html;
12,510,visit: How to Detect Keypress using JavaScript ? - GeeksforGeeks;
13,532,revisit: localhost:9000/wordleStory.html;
14,566,visit: javascript - Detect Click on Browser - Stack Overflow;
15,588,revisit: localhost:9000/wordleStory.html;
16,592,revisit: javascript - Detect Click on Browser - Stack Overflow;
17,624,visit: HTML DOM Element addEventListener() Method;
18,632,visit: HTML DOM Event Object;
19,639,revisit: localhost:9000/wordleStory.html;
20,659,revisit: HTML DOM Event Object;
21,663,visit: onclick Event;
22,672,visit: W3Schools Tryit Editor;
23,685,revisit: onclick Event;
24,686,revisit: localhost:9000/wordleStory.html;
28,744,visit: localhost:3000;
29,746,revisit: localhost:3000;
30,748,visit: localhost:3000;
31,923,revisit: localhost:9000/wordleStory.html;
32,1273,revisit: localhost:3000;
36,1392,visit: localhost:3000;
40,1409,revisit: localhost:3000;
41,1410,visit: localhost:3000;
45,1629,visit: localhost:3000;
46,1635,revisit: onclick Event;
47,1637,revisit: localhost:9000/wordleStory.html;
48,1637,revisit: W3Schools Tryit Editor;
49,1638,revisit: W3Schools Tryit Editor;
50,1647,search: classlist contains javascript;
51,1654,visit: Check if an Element Contains a Class in JavaScript;
52,1656,revisit: localhost:3000;
56,1664,visit: localhost:3000;
