eventID,time,filename
1,0,search: what is a pil image;
3,932,search: rbg tuple;
4,954,search: color cluster centroid;
5,962,visit: Finding palettes of dominant colors with the k-means clustering algorithm / Roman Klimenko | Observable;
6,991,search: color cluster centroid;
7,993,visit: Color Separation in an Image using KMeans Clustering using Python | by Sai Durga Kamesh Kota | Analytics Vidhya | Medium;
8,1027,search: rbg tuple;
9,1028,search: what is a pil image;
10,1029,revisit: Color Separation in an Image using KMeans Clustering using Python | by Sai Durga Kamesh Kota | Analytics Vidhya | Medium;
11,1154,search: access items in pandas dataframe;
12,1159,visit: How to Access a Row in a DataFrame (using Pandas) - ActiveState;
13,1182,search: access items in pandas dataframe;
14,1184,visit: How to Access an Element in Pandas - ActiveState;
15,1259,search: how to access number of rows in pandas dataframe;
16,1283,visit: python - How do I get the row count of a Pandas DataFrame? - Stack Overflow;
17,1325,revisit: How to Access an Element in Pandas - ActiveState;
18,1393,search: .tolist() python;
19,1427,revisit: How to Access an Element in Pandas - ActiveState;
