eventID,time,filename
2,344,search: for loop in javascript;
3,345,visit: for...in - JavaScript | MDN;
4,359,search: for loop in javascript;
5,363,visit: JavaScript for Loop;
6,491,search: delete from array javascript;
7,492,visit: How can I remove a specific item from an array in JavaScript? - Stack Overflow;
8,508,visit: JavaScript for Loop;
9,571,revisit: localhost:3000;
11,1036,visit: localhost:3000;
12,1037,visit: localhost:3000;
14,1043,visit: localhost:3000;
16,1123,visit: How do I detect if something is being clicked in JavaScript? (without using jQuery) - Stack Overflow;
17,1577,search: event listener javcriotp;
18,1578,visit: JavaScript DOM EventListener;
19,1596,visit: JavaScript DOM EventListener;
