eventID,time,filename
2,219,search: python get average color of image pil;
3,220,visit: How to find the average colour of an image in Python with OpenCV? - Stack Overflow;
4,229,revisit: localhost:9000/mosaicStory.html;
5,638,search: pd dataframe print all;
6,640,visit: How to print an entire Pandas DataFrame in Python? - GeeksforGeeks;
7,640,visit: How to print an entire Pandas DataFrame in Python? - GeeksforGeeks;
14,759,revisit: localhost:9000/mosaicStory.html;
15,765,search: pd dataframe display all rows;
16,772,visit: Pandas Show All Rows: How to display all rows from data frame using pandas - DEV Community;
17,783,search: pd dataframe display all rows;
18,784,visit: Pandas DataFrame: Show All Columns/Rows | Built In;
19,785,visit: Pandas DataFrame: Show All Columns/Rows | Built In;
20,805,revisit: localhost:9000/mosaicStory.html;
21,814,search: pandas pd display all cmd;
22,817,revisit: localhost:9000/mosaicStory.html;
23,839,search: pandas pd display all cmd;
24,843,visit: python - Is there a concise way to show all rows in pandas for just the current command? - Stack Overflow;
33,1398,search: python merge sort;
34,1400,visit: Python Program for Merge Sort - GeeksforGeeks;
35,1489,revisit: python - Is there a concise way to show all rows in pandas for just the current command? - Stack Overflow;
36,1551,revisit: localhost:9000/mosaicStory.html;
