eventID,time,filename
5,172,search: eventlistener javascript mousepress;
6,173,visit: Element: mousedown event - Web APIs | MDN;
7,341,revisit: localhost:3000;
9,607,visit: localhost:3000;
22,951,search: integer casting js;
23,958,search: double to integer cast js;
27,968,revisit: localhost:3000;
31,974,visit: localhost:3000;
35,983,search: double to integer cast js;
36,988,visit: casting - Converting a double to an int in Javascript without rounding - Stack Overflow;
40,1002,revisit: Element: mousedown event - Web APIs | MDN;
41,1003,revisit: localhost:3000;
45,1028,visit: localhost:3000;
83,1594,visit: localhost:3000;
87,1602,visit: localhost:3000;
97,1641,visit: localhost:3000;
101,1691,visit: localhost:3000;
