eventID,time,filename
6,65,visit: localhost:3000;
7,434,search: js nested arrays;
8,440,search: define js nested arrays;
9,444,visit: JavaScript Nested Array | How does Nested Array work in JavaScript?;
10,452,search: define js nested arrays;
11,460,search: declare emtpy js nested array;
12,461,visit: How to create empty 2d array in javascript? - Stack Overflow;
13,477,revisit: localhost:3000;
17,604,visit: localhost:3000;
21,770,visit: html - Add click event on div tag using JavaScript - Stack Overflow;
22,775,search: js aDD event listener for click on div;
23,777,visit: HTML DOM Element addEventListener() Method;
24,1293,search: javascript hide innertext conditonally;
25,1295,visit: css - How do I show/hide an <li> based on its text content using JavaScript? - Stack Overflow;
26,1302,search: javascript hide innertext conditonally;
27,1306,visit: How to hide div element according to condition - Quora;
28,1312,search: javascript hide innertext conditonally;
29,1316,search: javascript hide innertext;
30,1318,visit: javascript - How to hide a text with css or js? - Stack Overflow;
31,1323,search: javascript hide innertext;
32,1340,search: javascript hide innertext;
33,1340,visit: javascript - How to hide a text with css or js? - Stack Overflow;
34,1345,search: javascript hide text;
35,1348,visit: Hide elements in HTML using display property - GeeksforGeeks;
38,1553,search: show and hide html elements;
39,1557,visit: How To Toggle Between Hiding And Showing an Element;
40,1567,search: show and hide html elements;
41,1571,search: show and hide html elements innertext;
42,1573,visit: javascript - Use innerText to retrieve text from hidden HTML elements - Stack Overflow;
43,1577,search: show and hide html elements innertext;
44,1580,visit: HTML DOM Element innerText Property;
45,1606,visit: W3Schools Tryit Editor;
46,1692,revisit: HTML DOM Element addEventListener() Method;
47,1695,revisit: HTML DOM Element innerText Property;
48,1699,search: show and hide html elements innertext;
49,1701,search: show and hide html elements;
50,1703,visit: How To Toggle Between Hiding And Showing an Element;
