eventID,time,filename
6,192,visit: localhost:3000;
8,297,revisit: New Tab;
9,299,revisit: localhost:3000;
10,308,visit: localhost:9000/wordleStory.html;
11,350,revisit: localhost:3000;
12,576,visit: localhost:3000;
14,593,visit: localhost:3000;
15,594,visit: localhost:3000;
19,755,visit: localhost:3000;
23,1048,revisit: localhost:9000/wordleStory.html;
24,1079,search: event listener javascript;
25,1081,visit: JavaScript DOM EventListener;
29,1195,search: event listener javascript;
30,1223,search: document load javascript;
31,1231,search: document load javascript event;
32,1234,visit: onload Event;
33,1243,search: document load javascript event;
34,1246,search: document load javascript event DOM;
35,1246,search: document load javascript event DOM;
36,1248,visit: Window: DOMContentLoaded event - Web APIs | MDN;
37,1281,visit: JavaScript for Loop;
