eventID,time,filename
2,24,search: (RGB tuple;
4,451,search: visual studio set breakpoint;
5,514,visit: Debugging in Visual Studio Code;
6,538,search: visual studio set breakpoint;
7,598,search: visual studio can't set breakpoint;
8,599,search: visual studio can't set breakpoint;
9,601,visit: Can't add breakpoint - Visual Studio Feedback;
10,608,search: visual studio can't set breakpoint;
11,610,visit: Not able to set breakpoint in visual studio - Stack Overflow;
12,612,search: visual studio can't set breakpoint;
14,700,visit: Python For Loops;
23,1767,search: python file;
24,1773,visit: Python File Open;
25,1777,search: python file;
