eventID,time,filename
5,59,visit: localhost:3000;
12,447,visit: visual studio code - How to make vscode compact multiple lines to a single line? - Stack Overflow;
13,457,search: keyboard shprtcut to move one line code to multiple lines vs code;
18,829,revisit: localhost:3000;
22,1279,visit: localhost:3000;
24,1445,revisit: localhost:9000/wordleStory.html;
25,1446,revisit: localhost:3000;
28,1493,visit: localhost:3000;
31,1582,revisit: New Tab;
32,1602,search: flipping tile in js;
33,1604,visit: Flip Tiles;
34,1619,search: flipping tile in js;
35,1621,visit: javascript - Flip of the tile - Stack Overflow;
36,1642,visit: Edit fiddle - JSFiddle - Code Playground;
38,1684,revisit: localhost:3000;
39,1684,revisit: localhost:9000/wordleStory.html;
40,1687,visit: localhost:3000;
41,1696,revisit: Edit fiddle - JSFiddle - Code Playground;
42,1719,visit: How To Toggle Between Class Names;
43,1724,search: .toggleclass js;
44,1726,revisit: Edit fiddle - JSFiddle - Code Playground;
45,1752,search: .toggleclass js;
46,1756,search: .toggleclass function js;
47,1764,revisit: Edit fiddle - JSFiddle - Code Playground;
48,1817,revisit: localhost:3000;
