eventID,time,filename
5,403,visit: localhost:3000;
9,478,visit: localhost:3000;
13,494,revisit: localhost:3000;
14,495,visit: localhost:3000;
18,515,visit: localhost:3000;
19,519,visit: localhost:3000;
23,714,visit: localhost:3000;
24,718,visit: localhost:3000;
28,860,visit: localhost:3000;
32,877,visit: localhost:3000;
33,1096,revisit: localhost:3000;
37,1328,visit: localhost:3000;
38,1333,revisit: localhost:3000;
39,1334,visit: localhost:3000;
41,1343,visit: localhost:3000;
42,1685,search: how to fill a div with random letters;
43,1688,visit: jquery - Javascript pick random txt in dir and populate div - Stack Overflow;
44,1711,search: how to fill a div with random letters;
45,1729,visit: Auto-placement in grid layout - CSS: Cascading Style Sheets | MDN;
46,1741,search: how to fill a div with random letters;
47,1748,revisit: localhost:9000/wordleStory.html;
