eventID,time,filename
2,1142,search: python get all files in directory;
3,1144,visit: python - How do I list all files of a directory? - Stack Overflow;
4,1151,search: python get all files in directory;
5,1154,search: python get all files in directory into array;
6,1156,visit: How to store the file names in array from python - Stack Overflow;
7,1323,search: select 5 lowest valuesi n list python;
8,1324,visit: sorting - Finding the 5 smallest numbers from a list in Python - Stack Overflow;
9,1329,search: select 5 lowest valuesi n list python;
10,1334,visit: Python program to find smallest number in a list - GeeksforGeeks;
15,1455,search: select 5 lowest valuesi n list python;
16,1456,visit: How to store the file names in array from python - Stack Overflow;
17,1457,search: python get all files in directory into array;
18,1458,visit: How to store the file names in array from python - Stack Overflow;
23,1570,revisit: localhost:9000/mosaicStory.html;
