eventID,time,filename
6,17,visit: localhost:3000;
7,43,revisit: localhost:9000/wordleStory.html;
8,44,revisit: localhost:3000;
9,100,revisit: localhost:9000/wordleStory.html;
10,142,revisit: localhost:3000;
11,150,revisit: localhost:3000;
13,249,visit: localhost:3000;
16,325,visit: localhost:3000;
20,468,visit: localhost:3000;
21,584,search: ascii to char javascript;
22,586,visit: JavaScript String fromCharCode() Method;
37,1058,revisit: localhost:3000;
38,1060,visit: localhost:3000;
39,1066,visit: localhost:3000;
55,1377,visit: localhost:3000;
56,1380,revisit: JavaScript String fromCharCode() Method;
57,1381,revisit: localhost:3000;
58,1388,visit: localhost:3000;
62,1397,visit: localhost:3000;
66,1653,visit: localhost:3000;
