eventID,time,filename
2,44,visit: opencv-python · PyPI;
3,87,search: read image as array python;
4,90,visit: Importing Image Data into NumPy Arrays | Pluralsight;
9,271,search: read image as array python;
10,271,revisit: opencv-python · PyPI;
11,285,visit: python 3.x - How to import cv2 in python3? - Stack Overflow;
14,372,search: cv2 compare images;
15,376,search: cv2 compare images cv2;
16,378,search: cv2 compare images;
17,379,visit: How to compare two images in OpenCV Python;
18,401,search: compare_Image function cv2;
19,403,visit: Checking images for similarity with OpenCV - Stack Overflow;
20,417,search: compare_Image function cv2;
21,420,visit: Using OpenCV for Image Similarity - Python - OpenCV;
22,440,search: compare cv2;
23,441,visit: c++ - cv2.compare() in OpenCV Python. What does this code snippet mean? - Stack Overflow;
27,496,search: compare images cv2;
26,496,revisit: c++ - cv2.compare() in OpenCV Python. What does this code snippet mean? - Stack Overflow;
28,505,visit: cv2.compare;
29,513,search: cv2 compare;
30,515,visit: Cv2.Compare Method;
31,519,search: cv2 compare;
32,525,visit: c++ - cv2.compare() in OpenCV Python. What does this code snippet mean? - Stack Overflow;
33,563,search: converting image to numpy array;
34,565,visit: How to Convert images to NumPy array? - GeeksforGeeks;
38,660,revisit: How to Convert images to NumPy array? - GeeksforGeeks;
39,671,search: cv2 compare images;
40,673,visit: Detect and visualize differences between two images with OpenCV Python - Stack Overflow;
41,680,search: cv2 compare images;
42,681,visit: Image Difference with OpenCV and Python - PyImageSearch;
43,743,search: finding MSE of images for comparison;
44,747,visit: opencv - What does it mean to get the (MSE) mean error squared for 2 images? - Stack Overflow;
45,790,search: finding MSE of images for comparison;
46,793,visit: How-To: Python Compare Two Images - PyImageSearch;
59,989,revisit: New Tab;
60,994,search: astype python;
61,995,visit: pandas.DataFrame.astype — pandas 1.5.3 documentation;
78,1166,search: image dimension when using mse for image comparison;
79,1167,visit: A Quick Overview of Methods to Measure the Similarity Between Images | by Data Monsters | Medium;
80,1174,search: image dimension when using mse for image comparison;
81,1187,search: Using MSE for comparing images;
82,1191,search: Using MSE for comparing images python;
83,1193,visit: python-compare-two-images/compare.py at master · tarikd/python-compare-two-images · GitHub;
91,1293,revisit: How-To: Python Compare Two Images - PyImageSearch;
105,1460,visit: Finding Duplicate Images with Python | by Elise Landman | Towards Data Science;
106,1492,search: checking duplicating images using MSE;
107,1494,visit: GitHub - elisemercury/Duplicate-Image-Finder: difPy - Python package for finding duplicate or similar images within folders;
108,1504,search: checking duplicating images using MSE;
109,1592,visit: python - Python3 create list of image in a folder - Stack Overflow;
