eventID,time,filename
10,1239,search: how to compare the similarity of two rgb tuples python;
11,1241,visit: algorithm - How to compare two colors for similarity/difference - Stack Overflow;
12,1320,search: how to compare the similarity of two rgb tuples python;
13,1321,visit: algorithm - How to compare two colors for similarity/difference - Stack Overflow;
14,1322,search: how to compare the similarity of two rgb tuples python;
15,1324,visit: How to Compute the Similarity of Colours | Baeldung on Computer Science;
16,1331,search: how to compare the similarity of two rgb tuples python;
17,1331,visit: How to Compute the Similarity of Colours | Baeldung on Computer Science;
18,1349,search: for each in python;
19,1353,visit: Python For Loops;
22,1466,search: how to get elementa from panda dataframe;
23,1472,visit: How to Access an Element in Pandas - ActiveState;
26,1683,visit: Python For Loop - For i in Range Example;
32,1764,visit: Python For Loops;
