eventID,time,filename
5,26,revisit: localhost:9000/wordleStory.html;
6,48,visit: New Tab;
7,51,visit: localhost:9000/wordleStory.html;
11,362,visit: localhost:3000;
12,369,revisit: localhost:3000;
13,370,visit: localhost:3000;
17,425,visit: localhost:3000;
18,428,visit: localhost:3000;
20,496,visit: localhost:3000;
21,498,visit: localhost:3000;
22,630,search: javascript detect if div has been clicked;
23,693,visit: Check if the Element was Clicked Using JavaScript;
24,707,search: javascript detect if div has been clicked;
25,712,search: javascript detect which div has been clicked;
26,716,search: javascript detect which div class has been clicked;
27,721,visit: javascript - Check which element has been clicked with jQuery - Stack Overflow;
28,728,search: javascript detect which div class has been clicked;
29,739,visit: How to Get the Class of a Clicked Element in JavaScript - Maker's Aid;
30,741,search: javascript detect which div class has been clicked;
31,762,search: javascript how to detect which div class has been clicked;
32,766,visit: jquery - How can you detect which element in a class was clicked on with Javascript? - Stack Overflow;
33,767,revisit: jquery - How can you detect which element in a class was clicked on with Javascript? - Stack Overflow;
37,860,visit: localhost:3000;
41,871,revisit: localhost:3000;
45,880,visit: localhost:3000;
49,970,search: html div get id;
50,981,search: get id of html div;
51,986,visit: How to get div id element in Javascript - Mkyong.com;
55,1009,revisit: localhost:3000;
56,1052,visit: localhost:3000;
57,1401,search: foreach loop javascript print index;
58,1402,visit: Get loop counter/index using for…of syntax in JavaScript - Stack Overflow;
59,1405,search: foreach loop javascript print index;
60,1413,visit: Get The Current Array Index in JavaScript forEach() - Mastering JS;
64,1432,visit: localhost:3000;
65,1433,revisit: localhost:3000;
66,1434,visit: localhost:3000;
70,1477,visit: localhost:3000;
71,1479,visit: localhost:3000;
75,1489,visit: localhost:3000;
76,1490,visit: localhost:3000;
80,1497,visit: localhost:3000;
81,1498,visit: localhost:3000;
85,1545,revisit: localhost:9000/wordleStory.html;
86,1547,search: javascript how to detect which div class has been clicked;
87,1560,revisit: How to get div id element in Javascript - Mkyong.com;
88,1562,revisit: Get The Current Array Index in JavaScript forEach() - Mastering JS;
89,1576,search: foreach loop javascript print index;
90,1580,search: foreach.call loop javascript print index;
91,1584,visit: Array.prototype.forEach() - JavaScript | MDN;
95,1603,visit: localhost:3000;
96,1604,revisit: localhost:3000;
97,1605,visit: localhost:3000;
98,1624,revisit: Array.prototype.forEach() - JavaScript | MDN;
99,1632,search: foreach.call loop javascript print index;
100,1660,visit: Get The Current Array Index in JavaScript forEach() - Mastering JS;
104,1677,visit: localhost:3000;
105,1678,revisit: localhost:3000;
106,1679,visit: localhost:3000;
107,1709,revisit: Get The Current Array Index in JavaScript forEach() - Mastering JS;
108,1727,search: javascript eventListener figure out how many clicks;
109,1731,visit: Count clicks on element with JavaScript - Stack Overflow;
