eventID,time,filename
3,100,visit: localhost:3000;
6,105,visit: localhost:3000;
7,111,visit: localhost:3000;
8,141,search: js beautifier;
9,143,visit: Online JavaScript beautifier;
10,270,revisit: Element: mousedown event - Web APIs | MDN;
11,271,search: javascript turn boolean if mouse clicked;
12,272,revisit: localhost:9000/wordleStory.html;
13,285,search: javascript deobfuscator;
14,287,visit: JavaScript Deobfuscator;
15,296,revisit: Online JavaScript beautifier;
16,300,revisit: JavaScript Deobfuscator;
17,313,revisit: localhost:3000;
18,324,search: js beautifier if statement;
19,325,visit: Online JavaScript beautifier;
20,328,revisit: localhost:3000;
21,336,revisit: localhost:3000;
22,336,revisit: Online JavaScript beautifier;
24,752,visit: localhost:3000;
26,1255,search: document addeventlistenert print element id;
27,1257,visit: Javascript: get element ID from event - Stack Overflow;
28,1275,revisit: localhost:3000;
30,1286,visit: localhost:3000;
33,1524,search: js ddeventlistener element id;
34,1528,"visit: Javascript get ""clicked"" element addEventListener - Stack Overflow;"
36,1600,revisit: localhost:3000;
37,1601,visit: localhost:3000;
38,1612,"revisit: Javascript get ""clicked"" element addEventListener - Stack Overflow;"
39,1630,search: js ddeventlistener element id;
40,1633,"visit: html - Use ""this.id"" when addEventListener in JavaScript - Stack Overflow;"
43,1673,revisit: localhost:3000;
44,1675,visit: localhost:3000;
