eventID,time,filename
5,163,revisit: localhost:9000/wordleStory.html;
6,195,revisit: localhost:3000;
10,318,visit: localhost:3000;
11,346,revisit: localhost:9000/wordleStory.html;
15,580,revisit: localhost:3000;
16,747,visit: Element: keydown event - Web APIs | MDN;
17,753,search: javascript keydown event;
18,760,visit: Element: mousedown event - Web APIs | MDN;
19,781,revisit: localhost:9000/wordleStory.html;
20,783,revisit: localhost:9000/wordleStory.html;
21,881,visit: localhost:3000;
23,884,visit: localhost:3000;
68,1491,revisit: Element: mousedown event - Web APIs | MDN;
72,1500,revisit: localhost:9000/wordleStory.html;
73,1501,revisit: localhost:3000;
77,1555,visit: localhost:3000;
78,1557,revisit: localhost:3000;
79,1568,revisit: localhost:9000/wordleStory.html;
80,1572,revisit: Element: mousedown event - Web APIs | MDN;
81,1578,revisit: localhost:9000/wordleStory.html;
85,1617,visit: localhost:3000;
86,1624,revisit: localhost:3000;
87,1627,revisit: Element: mousedown event - Web APIs | MDN;
91,1684,visit: localhost:3000;
92,1686,revisit: localhost:3000;
93,1732,revisit: Element: mousedown event - Web APIs | MDN;
94,1733,revisit: New Tab;
95,1751,search: javascript turn boolean if mouse clicked;
96,1837,revisit: localhost:9000/wordleStory.html;
