eventID,time,filename
2,39,visit: localhost:3000;
4,118,visit: localhost:3000;
5,187,visit: https://fonts.googleapis.com/css2?family=Open+Sans:wght@600&display=swap;
6,273,visit: HTML script defer Attribute;
7,656,revisit: https://fonts.googleapis.com/css2?family=Open+Sans:wght@600&display=swap;
8,658,revisit: localhost:3000;
9,760,visit: EventTarget.addEventListener() - Web APIs | MDN;
10,767,search: adding event listener typea in javascript;
11,770,search: adding event listener types in javascript onclick;
12,771,visit: JavaScript DOM EventListener;
13,824,search: adding an event listener to a specific html elemnt;
14,829,visit: How to Add an Event Handler to an Event of the Element in JS;
16,862,revisit: https://fonts.googleapis.com/css2?family=Open+Sans:wght@600&display=swap;
17,864,visit: localhost:3000;
18,878,revisit: How to Add an Event Handler to an Event of the Element in JS;
19,907,revisit: JavaScript DOM EventListener;
20,908,revisit: HTML script defer Attribute;
21,909,revisit: localhost:3000;
22,909,revisit: https://fonts.googleapis.com/css2?family=Open+Sans:wght@600&display=swap;
24,938,visit: localhost:3000;
25,957,revisit: JavaScript DOM EventListener;
26,957,revisit: How to Add an Event Handler to an Event of the Element in JS;
27,968,revisit: HTML script defer Attribute;
28,970,revisit: JavaScript DOM EventListener;
29,971,revisit: localhost:3000;
30,987,visit: JavaScript DOM EventListener;
32,1001,visit: localhost:3000;
33,1003,visit: localhost:3000;
35,1013,visit: localhost:3000;
36,1061,visit: localhost:3000;
39,1166,visit: JavaScript DOM EventListener;
43,1173,visit: localhost:3000;
47,1191,visit: localhost:3000;
51,1205,visit: localhost:3000;
52,1208,revisit: How to Add an Event Handler to an Event of the Element in JS;
53,1284,search: mutable arrys in js;
54,1286,visit: Mutable - MDN Web Docs Glossary: Definitions of Web-related terms | MDN;
55,1319,search: mutable arrys in js;
56,1332,search: getelementsbyclaasa;
57,1333,visit: Document.getElementsByClassName() - Web APIs | MDN;
58,1396,search: for each loops in javascript;
59,1404,visit: JavaScript forEach – How to Loop Through an Array in JS;
65,1510,revisit: localhost:3000;
69,1534,visit: localhost:3000;
73,1544,visit: localhost:3000;
77,1555,visit: localhost:3000;
81,1566,visit: localhost:3000;
82,1571,revisit: JavaScript forEach – How to Loop Through an Array in JS;
83,1577,revisit: Document.getElementsByClassName() - Web APIs | MDN;
84,1582,revisit: HTML script defer Attribute;
85,1583,revisit: JavaScript forEach – How to Loop Through an Array in JS;
86,1583,revisit: Document.getElementsByClassName() - Web APIs | MDN;
87,1584,revisit: localhost:3000;
88,1598,search: defining an array in js;
89,1599,visit: JavaScript Arrays;
93,1609,visit: localhost:3000;
94,1610,search: mutable arrys in js;
95,1610,revisit: How to Add an Event Handler to an Event of the Element in JS;
96,1612,revisit: localhost:3000;
97,1616,revisit: JavaScript Arrays;
101,1627,visit: localhost:3000;
102,1629,revisit: localhost:3000;
103,1631,visit: localhost:3000;
104,1678,visit: Java For Loop;
105,1758,search: for loop javas;
106,1763,visit: JavaScript for Loop;
110,1770,visit: localhost:3000;
114,1781,revisit: localhost:3000;
118,1791,visit: localhost:3000;
