eventID,time,filename
1,0,search: kmeans clustering python;
2,1,visit: K-Means Clustering in Python: A Practical Guide – Real Python;
3,16,search: kmeans clustering python;
4,24,search: kmeans clustering pixel python;
5,46,visit: How to Use K-Means Clustering for Image Segmentation using OpenCV in Python - Python Code;
6,616,search: centroid image segmentatin;
7,620,visit: Centroid calculation for image segmentation | Download Scientific Diagram;
8,628,search: centroid image segmentatin;
9,633,visit: Automatic centroids selection in K-means clustering based image segmentation | IEEE Conference Publication | IEEE Xplore;
10,634,search: centroid image segmentatin;
11,638,visit: Using K-Means Clustering for Image Segmentation | by Cierra Andaur | Medium;
