name,rating,user_ratings_total
Fortel's Pizza Den,4.3,923.0
Syberg's Gravois,4.5,1817.0
The Gyro Company,4.8,1009.0
Subway,3.6,342.0
The Pasta House Co.,4.3,1223.0
Circle K,3.5,36.0
Dairy Queen,4.1,711.0
Weber's 8713 Grill & Tap,4.4,501.0
Breakfast and Burgers,4.5,1615.0
Las Fuentes Mexican Restaurant,4.3,1237.0
Jimmy John's,3.7,227.0
A Taste of China,4.2,238.0
St Louis Pizza & Wings,3.5,212.0
Domino's Pizza,3.7,378.0
Pizza Hut,3.9,268.0
Bommaritos Pizzeria,4.6,195.0
McDonald's,3.0,1530.0
QuikTrip,4.5,44.0
Arber Cafe,4.9,97.0
Sushi Hana,4.8,385.0
(Herbalife Cafe) Fired-Up Nutrition,4.4,37.0
Sharpshooter's Pit and Grill,4.7,454.0
Rancher's Roast Beef Sandwitches,,
Tacos Wey & Grill,4.5,284.0
Smoothie King,3.8,36.0
China Garden,3.2,61.0
Sedara Sweets & Ice Cream,4.8,329.0
St. Louis Pizza & Wings Affton,4.3,99.0
Mike's Italian Beef,4.1,304.0
Randy James Inc.,5.0,2.0
Lorenzo's tacos & burritos,3.0,2.0
La colombianita food truck,5.0,8.0
9 Mile Garden,4.6,972.0
The Clubhouse Bar & Grill,4.4,391.0
Imo's Pizza,4.3,290.0
Bar Roma,4.8,39.0
Ambrosia Restaurant & Bar,4.3,83.0
Popeyes Louisiana Kitchen,3.3,1364.0
China Wok,4.2,349.0
Jack in the Box,3.0,1287.0
Smoke N Bones BBQ,4.7,255.0
Cafe Ganadara,4.8,51.0
Taco Bell,3.0,1424.0
Cyrano's Cafe,4.5,898.0
The Post Sports Bar & Grill - Maplewood,4.4,1164.0
Boogaloo,4.3,1139.0
Big Sky Cafe,4.6,521.0
Subway,3.4,56.0
Weber's Front Row,4.2,593.0
Imo's Pizza,4.4,295.0
Aya Sofia Restaurant,4.4,589.0
McDonald's,3.2,753.0
Taco Bell,2.6,795.0
Joy Luck Chinese Buffet,3.9,2055.0
Pizza Hut,3.5,316.0
Starbucks,4.5,237.0
Starbucks,4.3,448.0
Popeyes Louisiana Kitchen,3.2,1301.0
The Piccadilly at Manhattan,4.6,813.0
Imo's Pizza,4.1,354.0
The Crow's Nest,4.6,1150.0
Racanelli's New York Pizzeria,4.1,324.0
Subway,3.8,121.0
El Maguey,4.4,811.0
Subway,2.1,30.0
WOW Café,3.7,11.0
KFC,3.4,734.0
Raising Cane's Chicken Fingers,4.4,1321.0
Porter's Fried Chicken,4.4,1090.0
Circle K,3.5,39.0
St. Louis Bread Co.,4.0,1227.0
Boardwalk Waffles & Ice Cream,4.7,720.0
Webster Garden Vietnamese & Chinese Restaurant,4.2,189.0
Dvin Restaurant,3.4,29.0
Einstein Bros. Bagels,4.1,232.0
McAlister's Deli,4.1,668.0
McDonald's,3.1,1136.0
White Castle,3.7,1646.0
Arby's,3.8,838.0
Le Grand's Market and Catering,4.9,889.0
QuikTrip,3.7,62.0
Boardwalk Cafe,4.5,510.0
Tapped Social House,4.5,493.0
Schlafly Bottleworks,4.4,980.0
Tiffany's Original Diner,4.5,675.0
Pizza World,4.6,281.0
Dairy Queen Grill & Chill,3.8,633.0
Lion's Choice,4.0,642.0
Dunkin',3.6,9.0
Cowbron Mexican Restaurant,4.5,295.0
Balkan Treat Box,4.9,976.0
Frisco Barroom,4.4,806.0
Cravings Restaurant,4.4,18.0
Chiang Mai,4.4,173.0
MeYou,4.9,107.0
Cup Of Sno Deer Creek Concessions,4.5,12.0
Deer Creek Bar & Grill,4.6,135.0
Hwy 61 Roadhouse,4.6,820.0
Guerrilla Street Food,4.5,90.0
Golden Oak Pancake House - St. Louis,4.2,218.0
Chilanguita Mexican Kitchen,4.2,106.0
Yummi Tummi,4.6,827.0
Marletto's Marketplace,3.9,10.0
Seamus McDaniel's,4.5,1849.0
Olympia Kebob House and Taverna,4.4,1753.0
Southwest Diner,4.7,1833.0
Basso,4.4,873.0
Boogaloo,4.3,1139.0
Mike Duffy's Pub & Grill Richmond Heights,4.3,516.0
The Post Sports Bar & Grill - Maplewood,4.4,1164.0
Michael's Bar & Grill,4.6,1979.0
Subway,4.0,285.0
Imo's Pizza,4.2,2139.0
Subway,3.2,152.0
Acero,4.8,476.0
The Pat Connolly Tavern,4.5,833.0
King & I Thai Cuisine,4.2,954.0
Imo's Pizza,4.1,354.0
Par Lounge,4.0,176.0
Nick's Pub,4.3,1108.0
Failoni's Restaurant,4.7,585.0
Subway,3.8,184.0
St. Louis Bread Co.,3.7,1293.0
McDonald's,2.7,2253.0
Ibby's,3.8,50.0
Chef's Express At Schnucks,4.2,5.0
Steak 'n Shake,3.4,3521.0
Pizza Hut,3.5,316.0
Subway,3.5,85.0
Courtesy Diner,4.3,2275.0
Pointers Pizza,4.2,397.0
The Crow's Nest,4.6,1150.0
Pan D'Olive,4.6,618.0
QDOBA Mexican Eats,4.0,650.0
Seedz Café,4.7,604.0
Louie,4.8,521.0
Flavor 360,4.8,26.0
Cham Bakery,4.1,74.0
Tamm Avenue Bar,4.6,584.0
El Potro Restaurant,4.5,240.0
Panorama Restaurant,4.4,91.0
Felix's Pizza Pub,4.5,1295.0
Tapped Social House,4.5,493.0
Schlafly Bottleworks,4.4,980.0
Ruthie's Bar & Grill,4.3,16.0
Taco Bell,3.5,1250.0
Forest Park Golf Course,4.3,476.0
Carl's Deli,4.7,633.0
Colombo's Cafe & Tavern,4.4,131.0
Einstein Bros. Bagels,4.1,222.0
Circle K,3.3,103.0
Boardwalk Waffles & Ice Cream,4.7,720.0
OR Juice & Smoothie(OR JUICE AND SMOOTHIE),4.6,101.0
Domino's Pizza,,
QuikTrip,4.0,90.0
Circle K,3.4,22.0
China Wok Express,3.4,116.0
Panda Express,3.7,1073.0
Chipotle Mexican Grill,3.9,1035.0
Dunkin',3.5,498.0
Fozzie's Sandwich Emporium,4.4,979.0
Hi-Pointe Drive-In,4.5,4680.0
Dou Dou Cafe,4.6,104.0
Cafe Napoli,4.5,840.0
Chipotle Mexican Grill,3.4,498.0
Blueberry Hill,4.3,3123.0
Fitz's Delmar,4.5,5174.0
Tony's,4.4,453.0
Winslow's Table,4.4,945.0
City Coffee & Creperie,4.6,1100.0
Barcelona Tapas Restaurant,4.2,624.0
Subway,3.9,98.0
Subway,3.2,71.0
Wasabi Sushi Bar Clayton,4.0,306.0
Frida's and Bonito Bar,4.4,557.0
Crushed Red- Clayton,4.3,754.0
Dewey's Pizza,4.7,1108.0
Pastaria,4.4,1378.0
House Of Wong,4.0,224.0
The Crossing,4.7,391.0
Imo's Pizza,4.0,406.0
Domino's Pizza,3.5,256.0
Half & Half,4.3,1092.0
Papa Johns Pizza,3.6,279.0
Domino's Pizza,3.5,368.0
Almonds Restaurant,4.4,92.0
Starbucks,4.1,513.0
Blue Elephant Royal Thai Cuisine,4.1,220.0
Oceano Bistro,4.5,858.0
La Pizza,4.7,632.0
Mi Ranchito,4.6,3183.0
Starbucks,4.3,383.0
Ranoush,4.3,929.0
The Lobby Lounge,4.7,29.0
Plaza Grill Restaurant,4.4,136.0
5 Star Burgers,4.6,1161.0
Imo's Pizza,4.0,281.0
McDonald's,3.6,1083.0
Seoul Taco,4.5,1892.0
Circle K,1.9,26.0
Taco Buddha,4.7,711.0
Elmo's Love Lounge,4.1,877.0
Starbucks,4.2,524.0
Cantina Laredo Clayton,4.1,681.0
801 Chophouse,4.6,1072.0
Potbelly,4.3,242.0
Miami Grill,4.3,975.0
Louie's Wine Dive & Clayton Kitchen,4.5,557.0
801 Fish,4.5,560.0
Which Wich Superior Sandwiches,4.3,174.0
The Capital Grille,4.7,1108.0
Popeyes Louisiana Kitchen,2.9,1183.0
El Maguey Mexican Restaurant,3.5,409.0
Crazy Bowls & Wraps - Now Offering Breakfast!!,4.4,259.0
White Castle,3.8,1382.0
Smokehouse BBQ,4.2,296.0
Jack in the Box,3.3,694.0
COLLEEN'S,4.5,431.0
Hon's Wok III,3.8,269.0
C.J. Mugg's - Clayton,4.2,789.0
China King,4.1,216.0
Blue Ocean Restaurant,4.4,1009.0
U-City Grill,4.5,460.0
Einstein Bros. Bagels,3.1,37.0
Subway,3.9,150.0
Oriental Chop Suey,4.2,544.0
Subway,4.3,17.0
Provincial House Dining Hall,3.0,29.0
WOW Café,3.3,6.0
Lee's Famous Receipe Chicken,4.0,677.0
Wingstop,3.5,497.0
Saint Louis Kitchen (St Louis Kitchen on Natural Bridge),3.8,341.0
McDonald's,3.1,1244.0
Domino's Pizza,2.8,434.0
Penn Station East Coast Subs,3.9,470.0
Year of the Dragon,4.3,362.0
Church's Texas Chicken,3.3,1013.0
Mrs. Sarah's Kitchen Carryout and Catering,4.0,25.0
Snacc Shacc,,
Moon’s Treats,5.0,1.0
Pizza Hut Express,3.6,7.0
Rudii Bee's Snack Shop,4.5,22.0
Rudii Bee's Snack Shop,5.0,2.0
Quick Shop Market,4.7,32.0
Imo's Pizza,3.6,373.0
St.Louis Fish & Chicken Grill -NORTH OAKS PLAZA,4.1,243.0
Motown Pit Stop,4.1,53.0
Chop Suey Inn,4.0,69.0
After Hours Bar and Grill,4.3,73.0
GLOBAL MART,4.7,48.0
Dinner@Londas,4.5,13.0
Burger King,3.2,1132.0
Little Caesars Pizza,3.8,744.0
Onesto Pizza & Trattoria,4.6,588.0
Subway,3.6,342.0
Starbucks,4.0,517.0
Pizza Hut,3.3,425.0
The Gyro Company,4.8,1009.0
Monte Bello Pizzeria,4.5,575.0
Syberg's Gravois,4.5,1817.0
The Haven,4.6,745.0
St Louis Pizza & Wings,3.5,212.0
China Garden on Gravois,4.3,197.0
Chimichanga's Mexican Restaurant,4.4,1447.0
Papa Johns Pizza,3.3,435.0
Apollonia Mediterranean Greek Restaurant,4.5,818.0
The Stellar Hog,4.7,706.0
Arber Cafe,4.9,97.0
The River Des Peres Yacht Club Deli,4.5,303.0
Kabul Express STL,4.9,281.0
Dairy Queen,4.1,711.0
Mr. X Pizza,4.4,299.0
McDonald's,3.1,2392.0
Cecil Whittaker's Pizzeria,4.5,599.0
Friendly's Sports Bar - South County,4.1,180.0
Bo Fung Chinese Kitchen,4.1,501.0
Pepper's Bar & Grill,4.4,711.0
China King,4.0,314.0
Elicia's Pizza,3.8,155.0
QuikTrip,3.9,51.0
McDonald's,3.0,1530.0
Cafe Nova,4.6,808.0
Pizzeria Tivoli,4.5,364.0
El Catrin,4.6,376.0
Under The Sun Sno Cones Shack,4.6,51.0
hatch'd STL,4.7,430.0
Nonna's,4.9,17.0
China Wok,4.2,349.0
Chicken Seven,4.5,269.0
Jovick Brothers Burgers,4.6,25.0
Eni's Pizzeria,4.7,81.0
STL Brewhogs,5.0,1.0
DB Cooper's Safe House,4.8,836.0
Grand Wok Chinese Kitchen,4.0,275.0
Taco Bell,3.0,1424.0
Stacked STL,4.7,3259.0
Jack in the Box,3.0,1098.0
Mix Grill & Wings Halal,4.5,136.0
Wine Down Cafe (St. Louis),4.8,137.0
Doggie Mac's,,
Royal Kebab Persian Cuisine,4.4,285.0
Merendero Las Catrachitas,4.6,164.0
Smoking Barrels BBQ,4.3,599.0
Jack in the Box,3.0,1287.0
Casablanca Lounge,4.8,4.0
Krajina Restaurant & Bar,4.8,69.0
The Off Track Saloon,4.6,427.0
Hummel's Pub,4.6,94.0
El gran taco,5.0,1.0
The Mack (Bar & Grill),4.5,581.0
Cunetto House of Pasta,4.6,1659.0
Farmhaus Restaurant,4.7,348.0
Uncle Bill's Pancakes,4.3,4278.0
Trattoria Marcella,4.7,906.0
Chris' Pancake & Dining,4.5,3221.0
LoRusso's Cucina,4.7,457.0
Aya Sofia Restaurant,4.4,589.0
Russell's on Macklind,4.7,1274.0
Salvage Yard Bar and Grill,4.5,424.0
Subway,3.8,217.0
Starbucks,4.3,448.0
Pizza Hut,4.1,387.0
Ari's Restaurant & Bar,4.3,774.0
Noodles and Company,4.2,596.0
Pueblo Solis,4.3,575.0
Penn Station East Coast Subs,4.1,708.0
Onesto Pizza & Trattoria,4.6,588.0
Dairy Queen Grill & Chill,4.2,895.0
Cecil Whittaker's,4.2,153.0
Bomber O'Brien's Sports Bar & Grill,4.3,457.0
Joey B's on the Hill,4.4,2204.0
Pizza-A-Go-Go,4.7,492.0
Imo's Pizza,4.0,228.0
QuikTrip,3.2,61.0
Knead Bakehouse + Provisions,4.7,306.0
Firehouse Subs Hampton Village,3.9,388.0
IHOP,3.8,2059.0
Pietro's,4.7,1447.0
On The Run,3.4,39.0
Le Grand's Market and Catering,4.9,889.0
St. Louis Bread Co.,4.0,1227.0
St. Louis Pizza & Wings,4.3,668.0
Vinnie's Italian Beef & Gyros,4.7,493.0
Old St Louis Chop Suey,4.0,438.0
Adam's Smokehouse,4.8,860.0
Circle K,3.5,39.0
Subway,3.8,121.0
Long John Silver's,3.8,958.0
Dado's Cafe,4.4,570.0
JJ Twig's Pizza & Pub,4.5,520.0
Salt + Smoke,4.5,1869.0
Amigo Joe's Mexican Restaurant and Cantina,4.2,1444.0
Biggie's Restaurant,4.5,1072.0
SOHA Bar and Grill,4.4,735.0
QDOBA Mexican Eats,3.9,648.0
Domino's Pizza,3.1,410.0
McDonald's,2.7,1506.0
Starbucks,4.2,562.0
Jimmy John's,3.6,205.0
Burger King,3.5,839.0
The Piccadilly at Manhattan,4.6,813.0
Steak 'n Shake,3.4,1406.0
El Paisano Mexican Restaurant,4.2,617.0
Arby's,3.8,838.0
Elicia's Pizza,4.2,234.0
Lion's Choice,4.0,642.0
Lily's Mexican Restaurant,4.6,307.0
McDonald's,3.3,1787.0
White Castle,3.7,1498.0
Zia's on The Hill,4.6,3203.0
Seamus McDaniel's,4.5,1849.0
Charlie Gitto's On the Hill,4.7,2316.0
Rigazzi's,4.2,2080.0
Anthonino's Taverna,4.6,2962.0
Drunken Fish - Central West End,4.0,1227.0
Mama’s On The Hill,4.5,3139.0
O'Connell's Pub,4.5,1535.0
Boathouse at Forest Park,4.4,2742.0
Nick's Pub,4.3,1108.0
Everest Cafe & Bar,4.6,752.0
Gioia's Deli,4.8,2100.0
Imo's Pizza,4.2,2139.0
Subway,3.7,183.0
Rasoi,4.1,811.0
Favazza's on the Hill,4.5,2588.0
Gian-Tony's Ristorante,4.6,677.0
Guido's Pizzeria & Tapas,4.5,1977.0
Subway,4.0,285.0
Bartolino's Osteria,4.4,843.0
Kampai Sushi Bar,4.3,502.0
Dominic's,4.5,329.0
The Gramophone,4.7,2716.0
Starbucks,4.3,452.0
Lorenzo's Trattoria,4.5,673.0
Bar Italia,4.3,453.0
Sanctuaria,4.1,574.0
The Tenderloin Room,4.5,294.0
Jimmy John's,3.4,188.0
The Pat Connolly Tavern,4.5,833.0
The Highlands Golf & Tennis,4.4,217.0
HandleBar,4.5,792.0
McDonald's,2.7,2253.0
Pickles Deli,4.5,358.0
West End Wok,4.3,405.0
Brasserie by Niche,4.6,1112.0
Applebee's Grill + Bar,3.8,1943.0
Steak 'n Shake,3.4,3521.0
Chase Club,4.3,359.0
Brennan's,4.5,480.0
Imo's Pizza,3.8,734.0
Jimmy John's,3.1,126.0
Courtesy Diner,4.3,2275.0
2Schae Eats (at Mack's!),4.6,318.0
The Pasta House Catering Co.,4.8,16.0
ShiSha Restaurant & Lounge,3.9,475.0
Milo's Tavern,4.6,781.0
Adriana's on the Hill,4.8,1070.0
Modern Brewery & The Kings Oak,4.6,206.0
Mac's Local Eats,4.6,1838.0
Subway,3.6,374.0
Taco Bell,3.5,1250.0
Circle K,3.3,103.0
Urban Chestnut Grove Brewery and Bierhall,4.5,1019.0
QuikTrip,3.7,33.0
Charlie's Market & Deli on the Hill,4.8,63.0
Aspen Spas: BBQ Grills & Smokers,5.0,1.0
Tamm Avenue Bar,4.6,584.0
Grace Meat + Three,4.4,1624.0
Sauce on the Side,4.7,1656.0
Blueberry Hill,4.3,3123.0
Fitz's Delmar,4.5,5174.0
Kaldi's Coffee on Skinker,4.5,854.0
Mission Taco Joint - Delmar Loop,4.3,2332.0
Ranoush,4.3,929.0
Starbucks,4.1,513.0
Gokul Indian Restaurant,4.0,708.0
Nobu's,4.5,275.0
Imo's Pizza,4.0,406.0
Mi Ranchito,4.6,3183.0
Gyro Grill,4.5,324.0
El Maguey Mexican Restaurant,3.5,409.0
Domino's Pizza,3.5,368.0
Three Kings Public House,4.5,1672.0
Seoul Taco,4.5,1892.0
2Schae Eats (at Mack's!),4.6,318.0
Snarf's Sandwiches Skinker,4.3,402.0
Which Wich Superior Sandwiches,4.3,174.0
Blue Ocean Restaurant,4.4,1009.0
Ocean Grill,4.2,222.0
Eclipse Restaurant,3.7,151.0
Omars Food Shop,4.9,68.0
Fried Rice Kitchen,4.3,299.0
Fork & Stix,4.4,498.0
Thai Country Cafe,4.3,385.0
Taco Bell,3.5,1013.0
Al-Tarboush Deli,4.7,169.0
Lee's Famous Recipe Chicken,3.9,707.0
Ben & Jerry’s,3.9,271.0
Smokehouse BBQ,4.2,296.0
Bada Bing Pizza & Wings,4.5,205.0
Jack in the Box,3.3,694.0
Legacy Bar & Grill,4.5,438.0
Hon's Wok III,3.8,269.0
Mom's Soul Food Kitchen & Catering,3.8,1051.0
Corner 17,4.6,2094.0
U-City Grill,4.5,460.0
St Louis Fish & Chicken &Grill,3.9,375.0
Merhaba Restaurant,4.4,117.0
Pumpkins,,
Ten 04 Snack Shop,,
Greenwood Restaurant,4.6,16.0
Rich Friends Kitchen,5.0,10.0
Binions,,
Nudo House Delmar,4.6,483.0
Prime 55 Restaurant & Lounge,4.0,440.0
Amigo Sole,4.6,18.0
Vails Brothers Shrimp Chicken & Fish,4.2,172.0
Yan Wu House Chop Suey,3.7,145.0
K-Bop STL,4.4,201.0
Paris Bánh Mì- St. Louis,4.4,18.0
AAA Fish House,4.3,639.0
The Baked Bear,4.5,615.0
Herban Eatery,4.8,46.0
Gyro House,4.6,204.0
Magic Mini Golf,5.0,2.0
Kingside Express,4.4,54.0
"International Tap House, Delmar",4.5,102.0
Krab Kingz Seafood,4.5,1087.0
Taste of India,4.3,379.0
Subway,3.9,150.0
Oriental Chop Suey,4.2,544.0
White Castle,3.7,2401.0
McDonald's,3.1,1244.0
Wingstop,3.5,497.0
Lee's Famous Receipe Chicken,4.0,677.0
Circle K,2.3,23.0
Mr Barbq,4.6,7.0
St Louis Fish & Chicken,4.0,697.0
Domino's Pizza,2.8,434.0
Penn Station East Coast Subs,3.9,470.0
C&K Barbecue Restaurant,3.8,1319.0
Church's Texas Chicken,3.3,1013.0
Imo's Pizza,3.6,373.0
Yet Bun Chop Suey,4.4,432.0
B&I Eatery,4.1,61.0
Yang Cheng Chop Suey,4.3,56.0
Fish House,4.4,60.0
Year of the Dragon,4.3,362.0
Chop Suey Inn,4.0,69.0
Trap Pizza,4.0,4.0
Motown Pit Stop,4.1,53.0
St.Louis Fish & Chicken Grill -NORTH OAKS PLAZA,4.1,243.0
Daiqs Bar & Grill,4.8,70.0
Vibezz Kitchen & Hookah Lounge,,
Debbie's Delights,4.0,64.0
The BBQ Shack,3.8,220.0
Honey's,5.0,5.0
Quick Shop,3.9,114.0
Miami Grill,4.2,280.0
Intimate creations catering,5.0,1.0
Ari's Ice Cream Parlor & Cafe,4.7,359.0
Moon’s Treats,5.0,1.0
Sweet's place inc.,4.0,2.0
Shark & Deli,4.4,368.0
JJ Munchies Snack Shop,5.0,4.0
Big Jigga’s BBQ,5.0,1.0
DaView BBQ,3.6,8.0
GLOBAL MART,4.7,48.0
Ceasar’s Market LLC,4.0,12.0
Burger King,3.2,1132.0
The Original Crusoe's Restaurant & Patrick McKeane's Pub,4.3,1234.0
Little Caesars Pizza,3.8,744.0
Chimichanga's Mexican Restaurant,4.4,1447.0
Subway,3.8,95.0
Starbucks,4.0,517.0
Urban Eats,4.4,228.0
Cecil Whittaker's Pizzeria,4.5,599.0
Domino's Pizza,2.8,716.0
Imo's Pizza,4.1,674.0
Grand Wok Chinese Kitchen,4.0,275.0
Jack in the Box,3.0,1098.0
China King,4.0,314.0
Your Place Diner,4.7,143.0
Off Fifty Five Bar & Grill,4.6,90.0
Caribbean Soul,4.5,4.0
Normitas House (birria tacos),5.0,7.0
Doggie Mac's,,
El gran taco,5.0,1.0
Casablanca Lounge,4.8,4.0
L&S Breadway Café,,
Doña Gloria,4.5,66.0
Royal Kebab Persian Cuisine,4.4,285.0
Chicken Seven,4.5,269.0
Hummel's Pub,4.6,94.0
The Off Track Saloon,4.6,427.0
Ho's Chinese Restaurant,4.4,187.0
Grill 55,4.5,38.0
Dutchtown Market,4.4,273.0
Wine Down Cafe (St. Louis),4.8,137.0
Tacos la Jefa STL,4.7,143.0
Beignet All Day,4.9,16.0
All Rolled Up,4.9,19.0
Sugoi Sushi,5.0,16.0
Uncle Bill's Pancakes,4.3,4278.0
Das Bevo,4.1,717.0
Hartford Coffee Company,4.5,825.0
Blackthorn Pub and Pizza,4.4,1116.0
The Shaved Duck Smokehouse,4.5,2686.0
Subway,3.8,217.0
The Royale Food & Spirits,4.5,943.0
Favazza's on the Hill,4.5,2588.0
QDOBA Mexican Eats,3.9,697.0
Wendy's,3.6,1407.0
Friendly's Sports Bar & Grill,4.4,733.0
Bomber O'Brien's Sports Bar & Grill,4.3,457.0
Alpha Brewing Company,4.5,328.0
Wingstop,3.6,463.0
SweetArt,4.7,1213.0
Tree House Restaurant,4.6,1011.0
Meskerem Ethiopian Restaurant,4.6,1064.0
LemonGrass Restaurant,3.8,405.0
The Gelateria Coffee Company,4.6,675.0
Taco Bell,3.4,1456.0
Cafe Mochi,4.4,1414.0
The Vine Cafe and Market,4.4,1524.0
Old St Louis Chop Suey,4.0,438.0
QuikTrip,3.2,61.0
Truc Lam Restaurant,4.5,312.0
Jonnys food mart,4.4,317.0
Sheesh,4.3,837.0
Brasilia Bar & Restaurant,4.6,657.0
Slackers Bar & Grill,3.9,17.0
San Loo,4.7,119.0
Steak 'n Shake,3.4,1406.0
Palacios Mexican Restaurant,4.5,232.0
Starbucks,4.2,562.0
Ices Plain & Fancy,4.7,1336.0
Tower Pub,4.6,430.0
The Choice Restaurant,3.9,436.0
Sonic Drive-In,3.2,1903.0
Imo's Pizza,4.1,311.0
Lee's Famous Recipe Chicken,4.0,642.0
Starbucks,4.2,832.0
KFC,3.5,764.0
Stella Blues LLC,4.5,551.0
Lily's Mexican Restaurant,4.6,307.0
Jack in the Box,3.6,1316.0
White Castle,3.7,1498.0
Taco Bell,3.2,1127.0
White Castle,3.8,1731.0
New China,4.2,341.0
McDonald's,3.3,1787.0
Wei Hong Bakery,4.3,308.0
QuikTrip,3.6,98.0
New China,4.3,699.0
Subway,3.6,320.0
Elicia's Pizza,3.3,317.0
Time Out Bar & Grill,3.9,365.0
"Pop's Steak, Fish & Chicken",4.2,762.0
Alnoor grocery and grill,4.9,19.0
STL Steak and Cake,,
China king,3.3,63.0
Chicago Fish Chicken Grill -GRAVOIS,4.0,391.0
Pappy's Smokehouse,4.7,7830.0
The Fountain on Locust,4.7,2779.0
Everest Cafe & Bar,4.6,752.0
Chipotle Mexican Grill,3.7,1400.0
Vito's Sicilian Pizzeria & Ristorante,4.3,801.0
Urban Chestnut Midtown Brewery and Biergarten,4.6,410.0
McDonald's,3.3,2611.0
HandleBar,4.5,792.0
Humphrey's Restaurant & Tavern,4.2,117.0
Jazz St. Louis,4.8,789.0
White Castle,3.9,1773.0
Sanctuaria,4.1,574.0
The Gramophone,4.7,2716.0
Subway,3.6,139.0
Domino's Pizza,3.3,478.0
FIELDHOUSE Pub and Grill,4.1,711.0
Pizza Hut,3.5,648.0
Diablitos Cantina,4.0,289.0
The Scottish Arms,4.6,1348.0
SweetArt,4.7,1213.0
QDOBA Mexican Eats,3.7,809.0
Papa Johns Pizza,3.0,385.0
Captain D's,3.5,836.0
Jimmy John's,3.3,322.0
Small Batch Whiskey & Fare,4.5,666.0
Imo's Pizza,3.8,734.0
The Best Steak House,4.3,2713.0
ShiSha Restaurant & Lounge,3.9,475.0
OLIO,4.5,966.0
Applebee's Grill + Bar,3.8,1943.0
Pickleman's Gourmet Cafe,4.6,1235.0
Circle K,2.6,42.0
West End Wok,4.3,405.0
Pickles Deli,4.5,358.0
Brasserie by Niche,4.6,1112.0
ELAIA,4.4,116.0
City Foundry STL,4.5,2156.0
QuikTrip,3.3,100.0
IKEA Restaurant,4.3,459.0
Yapi Mediterranean Subs and Sandwiches,4.8,279.0
BLK MKT Eats,4.7,1216.0
St. Louis Bread Co.,4.1,131.0
Einstein Bros. Bagels,3.4,32.0
Vicia,4.6,683.0
Lucha Restaurant Oaxaca Style Mexican cuisine,3.9,271.0
Sauce on the Side,4.7,1656.0
Grace Meat + Three,4.4,1624.0
Baby Kakez,4.8,21.0
The Dark Room at The Grandel,4.5,511.0
Mound City Sandwich Shop,4.7,238.0
Chong Wah,4.2,456.0
Crazy Bowls and Wraps,4.3,582.0
Central West End Bed & Breakfast,4.6,81.0
Southern,4.6,1167.0
Delmar Chop Suey,4.3,412.0
Nixta,4.3,464.0
Sameem Afghan Restaurant & Catering,4.4,1211.0
Layla,4.5,1735.0
Urban Chestnut Grove Brewery and Bierhall,4.5,1019.0
Smoothie King,4.2,314.0
Pi Pizzeria - Central West End,4.3,1482.0
Dressel's Pub,4.5,720.0
Drunken Fish - Central West End,4.0,1227.0
Subway,3.8,287.0
Bar Italia,4.3,453.0
Burger King,3.6,926.0
Brennan's,4.5,480.0
Taco Bell,3.2,1034.0
Chez Mathy Restaurant,2.8,4.0
White Castle,3.8,1685.0
Taste Of Lebanon,4.1,568.0
Rally's,3.3,786.0
Evangeline's Bistro and Music House,4.3,1198.0
King Grill,4.3,354.0
Legacy Bar & Grill,4.5,438.0
Mission Taco Joint - Central West End,4.4,1812.0
KFC,3.4,917.0
Domino's Pizza,2.7,403.0
McDonald's,3.3,2180.0
Harvey's Chicago Style Red Heights,5.0,1.0
Taco Bell,3.5,1026.0
Burger King,3.5,967.0
White Castle,3.7,1660.0
St Louis Kitchen,3.8,613.0
Kingsway Chop Suey,3.8,63.0
Imo's Pizza,3.6,539.0
Lee's Famous Recipe Chicken,3.9,730.0
Church's Texas Chicken,3.5,613.0
Wendy's,3.8,1582.0
Hawaiian Grill,4.0,881.0
City Magic Cocktail Lounge & Restaurant,4.2,130.0
Euclid Market,4.4,159.0
Sweeties Pie 2nd Act,,
Guys With The Fries,4.8,100.0
Guido's Mississippi BBQ & Soul Bistro,3.9,17.0
Arkansas Fried Chicken,4.2,152.0
Njoy Nyce Snacks LLC,,
Legends Bar & Grill,4.5,520.0
Sweet Eats,4.0,1.0
Harold's Chop Suey,4.3,414.0
TYP’s Snack Shop,5.0,4.0
Members Only STL Café,4.7,17.0
King PRINCE BAR B QUE,4.1,444.0
Pop's Fish & Chicken Market,4.4,205.0
Host eatery &catering,4.0,1.0
Chop Suey,4.2,29.0
Just The 2 Of Us Fried Rice,4.8,101.0
Restaurant of Soule,4.5,2.0
Dr King Chop Suey,4.1,571.0
Omars Food Shop,4.9,68.0
Church's Chicken,3.3,498.0
Soul food. Restaurant,,
Chicago Market Fish And Chicken - Union Blvd,4.1,23.0
Aaa Fish House,,
Tripe City,3.9,151.0
Hong Mein Chop Suey,4.2,33.0
Bing Chop Suey,4.4,95.0
Brew Tulum Specialty Coffee Experience,4.6,156.0
Cocina Latina,4.2,312.0
Billy Birk's Snack Shop,4.0,23.0
Lee's Famous Recipe Chicken,4.0,387.0
King Chop Suey,4.4,375.0
St Louis Q,4.3,679.0
St Louis Fish & Chicken,4.0,697.0
Miami Grill,4.2,280.0
Speakeasy A Bar & Restaurant,4.5,282.0
Shark & Deli,4.4,368.0
DaView BBQ,3.6,8.0
Big Jigga’s BBQ,5.0,1.0
JJ Munchies Snack Shop,5.0,4.0
Mammer Jammer,,
Debbie's Delights,4.0,64.0
Nick's Bar & Grill,4.4,125.0
Honey's,5.0,5.0
Ceasar’s Market LLC,4.0,12.0
The North Star Bistro,4.4,5.0
John's Chop Suey,4.1,893.0
Vinh Chop Suey,4.0,179.0
Elite Supermarket & Grill,3.8,169.0
Trap Pizza,4.0,4.0
Pearlie’s Pickles,4.8,64.0
M & L Market,4.9,7.0
Unch's Bar & Grill,4.0,236.0
Sawmill BBQ Restaurant,4.7,779.0
Layla's Roadhouse,4.5,62.0
Blues City Deli,4.9,2279.0
The Shaved Duck Smokehouse,4.5,2686.0
Lemp Mansion,4.6,1596.0
John D. McGurk's Irish Pub and Garden,4.6,3096.0
Hodak's Restaurant & Bar,4.5,5173.0
Big Daddy's Bar in Soulard #1 Patio & Party Spot,4.3,883.0
Yemanja Brasil Restaurant,4.7,382.0
Tuckers Place,4.3,2705.0
The Mud House,4.6,1643.0
Blackthorn Pub and Pizza,4.4,1116.0
Mad Art Gallery,4.5,158.0
Frazer's Restaurant & Lounge,4.7,755.0
QDOBA Mexican Eats,3.9,697.0
Subway,3.8,95.0
McDonald's,2.8,2927.0
Benton Park Cafe & Coffee Bar,4.5,1017.0
Chava's Mexican Restaurant,4.5,1963.0
Wingstop,3.6,463.0
Meskerem Ethiopian Restaurant,4.6,1064.0
Tree House Restaurant,4.6,1011.0
LemonGrass Restaurant,3.8,405.0
Hammerstone's,4.5,1484.0
The Gelateria Coffee Company,4.6,675.0
Cafe Mochi,4.4,1414.0
Taco Bell,3.4,1456.0
The Vine Cafe and Market,4.4,1524.0
D's Place,4.3,373.0
Domino's Pizza,2.8,667.0
Don Carlos Restaurant,4.3,139.0
Teatopia,5.0,354.0
The B-Side,4.5,266.0
Yaquis on Cherokee,4.5,477.0
Irish Corner Pub,4.5,304.0
Sister Cities Cajun,4.5,922.0
Anheuser-Busch Biergarten,4.5,302.0
Sidney Street Cafe,4.7,570.0
Capitalist Pig,4.3,142.0
The Choice Restaurant,3.9,436.0
Peacemaker Lobster & Crab,4.5,1941.0
San Loo,4.7,119.0
Gooseberries,4.6,269.0
egg,4.6,1266.0
Kevin's Place,4.3,226.0
Milque Toast Bar,4.6,376.0
Lona's Lil Eats,4.8,1447.0
Sheesh,4.3,837.0
Brasilia Bar & Restaurant,4.6,657.0
Urban Fort Play,4.6,258.0
Crafted.,4.4,593.0
Imo's Pizza,3.6,506.0
Fritanga Nicaraguan Cuisine,4.7,874.0
Pizzeoli Wood Fired Pizza,4.7,793.0
Parma Grill & Tap,5.0,3.0
La Vallesana,4.2,1448.0
Rally's,3.2,1633.0
Duke's,4.3,762.0
Starbucks,4.2,832.0
Great Grizzly Bear,4.4,339.0
QuikTrip,3.7,54.0
China King,3.7,165.0
The Schlafly Tap Room,4.5,1268.0
Three Sixty,4.4,2275.0
Pappy's Smokehouse,4.7,7830.0
Hooters,3.7,1941.0
Broadway Oyster Bar,4.6,7431.0
Bridge Tap House & Wine Bar,4.5,939.0
The Fountain on Locust,4.7,2779.0
SqWires Restaurant & Market,4.4,1266.0
Square One Brewery & Distillery,4.5,739.0
Eleven Eleven Mississippi,4.6,1425.0
Ballpark Pizza,3.6,498.0
"BB's Jazz, Blues and Soups",4.5,1420.0
Maggie O'Brien's,4.3,2004.0
Subway,3.6,126.0
Subway,3.5,74.0
Lombardo's Trattoria,4.5,892.0
Ruth's Chris Steak House,4.4,1748.0
Sen Thai Asian Bistro,4.4,1295.0
Urban Chestnut Midtown Brewery and Biergarten,4.6,410.0
Bogart's Smokehouse,4.7,1869.0
The London Tea Room,4.6,1022.0
The Old Spaghetti Factory,4.2,3321.0
RC Deli,2.6,25.0
Syberg's On Market,4.1,1714.0
Brewhouse Historical Sports Bar,4.0,715.0
Rosalita's Cantina,4.1,2558.0
Mango Restaurant,4.5,1198.0
Paddy O's,4.3,771.0
Carmine's Steak House,4.5,1129.0
The Over/Under Bar & Grill,4.1,1270.0
Landry's Seafood House,3.9,2160.0
Blood & Sand,4.5,419.0
Pennydrop Bar + Kitchen,4.1,92.0
Jimmy John's,3.4,202.0
White Castle,3.7,2543.0
Taco Bell,3.2,1536.0
Park Avenue Coffee - 10th Street,4.4,516.0
Mizu Sushi Bar,4.2,496.0
Vito's Sicilian Pizzeria & Ristorante,4.3,801.0
Imo's Pizza Headquarters,3.0,76.0
Blondie's Coffee & Wine Bar,4.2,768.0
Domino's Pizza,2.3,473.0
Subway,2.8,5.0
Small Batch Whiskey & Fare,4.5,666.0
FIELDHOUSE Pub and Grill,4.1,711.0
Red Kitchen and Bar,3.5,33.0
Epic Pizza & Subs,4.4,756.0
White Knight Diner,4.5,691.0
Park Chop Suey,3.8,194.0
Domino's Pizza,2.7,323.0
Samwiches,3.8,22.0
Chili Mac's Diner,4.6,645.0
Mound City Sandwich Shop,4.7,238.0
Imo's Pizza,4.1,1377.0
Station Grille,4.2,118.0
The Marquee Restaurant & Lounge,4.2,739.0
Garment District®,3.1,8.0
The Bistro – Eat. Drink. Connect.®,4.3,18.0
Gourmet Soul Restaurant and Catering,4.3,540.0
Medina Grill,4.6,984.0
Rally's,3.4,771.0
King Grill,4.0,739.0
Cleveland's Tasting LLC,,
Fresno's Diner,4.6,33.0
Firehouse 282,4.5,167.0
Popeyes Louisiana Kitchen,3.1,1431.0
King Grill,4.3,354.0
King's Fried Rice,4.4,593.0
Subway,3.9,167.0
Piekutowski's Distributors,4.7,215.0
Bing Lau Chop Suey,4.3,627.0
Church's Texas Chicken,3.4,605.0
Happy Chop Suey,4.4,43.0
Bikers Corner,4.2,584.0
Golden House Chop Suey,3.8,372.0
Mother's Fish,3.7,429.0
Wing Hing Chop Suey,4.6,30.0
Playground Bar & Grill,4.4,163.0
Sara-Lou Cafe,5.0,5.0
Amber J’s Mini Mart,4.7,9.0
Egg Roll Kitchen,4.0,137.0
King Grill,3.9,29.0
DSquared Bistro,4.5,236.0
Canton House Chop Suey,4.4,161.0
Doggy Style Grill,,
St. Louis FatBurger,4.5,334.0
You Gotta Eat Here!,4.4,54.0
New Light Chop Suey,4.1,100.0
Delmonicos,,
Tony & D's,,
Baba Asaju,,
Landford Chicken Fish & Grill,4.3,3.0
Newstead Chop Suey Cat Fish,4.3,641.0
CW ‘s lounge,4.7,17.0
Black Door Bar And Grill,4.4,26.0
Grand & Grill,,
Snac-Pac,4.7,24.0
Lanett Good Eats,,
Uncle Bubbas,,
Brown's Rib Station,,
JNP All In One Kitchen,,
Billy Birk's Snack Shop,4.0,23.0
Brother's Diner,4.4,375.0
Joe-Jo's Fish and Chicken,4.4,115.0
Chicago Fish & Chicken Grill -CASS & GRAND Market,4.2,154.0
Jaden's Diner,4.4,632.0
Golden Coin House,4.4,372.0
Opa Grill,5.0,3.0
Partners Seafood + Chicken,4.8,22.0
J's On the Boulevard,,
K and M Market,4.4,37.0
Dee Dee’s Pickles LLC,5.0,3.0
Just The 2 Of Us Fried Rice,4.8,101.0
Everyday Eats,,
Bing Chop Suey,4.4,95.0
Hong Mein Chop Suey,4.2,33.0
Little Snackes Shop,4.4,9.0
Cajun City,4.2,220.0
French Frie Factory,4.4,202.0
Neighborhood Bar & Grill,4.5,112.0
McDonald's,3.0,1717.0
Subway,3.7,212.0
THE BBQ MAN,4.5,11.0
Intl Food Products Prairie St Stn,3.5,2.0
KFC,3.4,642.0
Rally's,3.2,758.0
Taco Bell,3.3,696.0
White Castle,3.5,1174.0
Little Caesars Pizza,3.8,127.0
Pizza Hut,3.4,280.0
The Prairies Golf Club,3.8,67.0
Sawmill BBQ Restaurant,4.7,779.0
Imo's Pizza,3.8,254.0
China Express,4.2,667.0
McDonald's,3.1,1441.0
Domino's Pizza,3.1,258.0
Captain D's,3.8,297.0
THE DUO BAR & GRILL,4.7,12.0
Granny Boyz BBQ,5.0,3.0
Popcorn and Candy,,
Classic K Hamburgers,4.2,671.0
Butch's Bar & Grill,4.7,82.0
The Hangover Social,5.0,3.0
Layla's Roadhouse,4.5,62.0
DREMOES BAR & GRILL LLC,5.0,3.0
Unch's Bar & Grill,4.0,236.0
Molly's In Soulard,4.3,1913.0
Diamond Cabaret,4.3,202.0
Bogart's Smokehouse,4.7,1869.0
Country Rock Cabaret,4.6,356.0
Diner Inc,4.5,621.0
Big Daddy's Bar in Soulard #1 Patio & Party Spot,4.3,883.0
John D. McGurk's Irish Pub and Garden,4.6,3096.0
Chava's Mexican Restaurant,4.5,1963.0
Social Bar & Grill Soulard,4.3,1346.0
Jimmy John's,3.3,262.0
DB's Sports Bar,4.4,800.0
Hammerstone's,4.5,1484.0
101 St. Louis Sports Spirits Sand,4.2,328.0
Tuckers Place,4.3,2705.0
Epic Pizza & Subs,4.4,756.0
"1860 Saloon, Game Room, & Hardshell Café",4.5,1253.0
Domino's Pizza,2.7,323.0
Mad Art Gallery,4.5,158.0
D's Place,4.3,373.0
The Philly Wagon,4.0,10.0
St. Louis Bread Co.,3.9,674.0
Subway,4.0,233.0
The Wood Shack Soulard,4.6,579.0
7th Street Grill and Bar Parking Lot,2.0,1.0
Great Grizzly Bear,4.4,339.0
Duke's,4.3,762.0
Capitalist Pig,4.3,142.0
Joanie's To Go,4.4,258.0
Anheuser-Busch Biergarten,4.5,302.0
Soulard Gyro,4.6,417.0
Restaurant Foods At Home,,
Nadine’s Hash House,4.6,129.0
AMaysNEats,,
Jack Nolen's,4.8,313.0
Mom and Pop's Snack Shop Kitchen inside Bottom line Bar& Grill,4.0,4.0
Henry's in Soulard,4.0,290.0
Mauki's Bakery & Country Store,4.8,164.0
STL Steak and Cake,,
Mosito’s In Soulard,4.7,10.0
Pho Thao & Banh Mi (Located inside Soulard Farmers Market - Southeast wing),5.0,6.0
Vegan NATURED at Soulard,4.6,5.0
Goshen Coffee Roasters,4.8,87.0
Soulard's Cajun Corner,4.5,61.0
Fiesta Chicken,5.0,1.0
Pieces Board Game Bar And Restaurant,4.8,1317.0
Más Tequila Cantina,4.2,681.0
Mission Taco Joint - Historic Soulard,4.5,2972.0
Calypso Spirits Bar,4.9,27.0
Ninth Street Deli @ Howard's,4.7,465.0
Bruja @ Mad Art,4.6,35.0
Cafe Miami,4.9,56.0
Three Sixty,4.4,2275.0
Hooters,3.7,1941.0
Bridge Tap House & Wine Bar,4.5,939.0
The Old Spaghetti Factory,4.2,3321.0
Broadway Oyster Bar,4.6,7431.0
Ballpark Pizza,3.6,498.0
Ruth's Chris Steak House,4.4,1748.0
Subway,3.5,74.0
Brewhouse Historical Sports Bar,4.0,715.0
"BB's Jazz, Blues and Soups",4.5,1420.0
Carmine's Steak House,4.5,1129.0
Sen Thai Asian Bistro,4.4,1295.0
Pennydrop Bar + Kitchen,4.1,92.0
Mango Restaurant,4.5,1198.0
The Over/Under Bar & Grill,4.1,1270.0
Jimmy John's,3.4,202.0
Subway,3.6,126.0
Al's Restaurant,4.3,186.0
Paddy O's,4.3,771.0
Park Avenue Coffee - 10th Street,4.4,516.0
Mizu Sushi Bar,4.2,496.0
Red Kitchen and Bar,3.5,33.0
White Castle,3.7,2543.0
Chili Mac's Diner,4.6,645.0
Domino's Pizza,2.3,473.0
Riverfront Grill,2.9,210.0
The Wok,3.8,63.0
"Hayden's Irish Pub, Downtown STL",4.7,29.0
Au Bon Pain,3.4,8.0
Red Door,3.5,414.0
Sauce on the Side,4.6,2136.0
St. Louis Sports Hall of Fame Bar & Grill,3.3,16.0
Budweiser Brew House,4.0,826.0
Ballpark Village,4.5,5166.0
Cardinals Nation,4.3,550.0
Sushi Ai,4.5,1999.0
Rooster,4.1,2721.0
Jack Patrick's Bar & Grill,4.4,570.0
handlebar,5.0,2.0
Pickles Deli,4.6,493.0
Planet Sub Downtown STL,4.4,206.0
Tin Roof,4.1,1471.0
Washington Avenue Bistro,5.0,2.0
The Boom Boom Room,4.1,185.0
Java Plus Cafe & Catering,4.5,33.0
Snarf's Sandwiches MX,4.3,576.0
DraftKings at Casino Queen,3.8,3440.0
So Hospitality Group,,
Kimchi Guys - Laclede's Landing,4.4,694.0
Second Street Sandwich Company,4.9,19.0
Slice Pizzeria & Pasta,4.1,26.0
Morton's The Steakhouse,4.0,492.0
Cinder House and Bar,4.5,532.0
Cafe de Blaire,4.9,409.0
DP's Kitchen,3.8,4.0
Landry's Seafood House,,
"BLT's - Breakfast, Lunch and Tacos",4.5,1021.0
Culture Cafe,4.6,99.0
Sugarfire Smoke House,4.5,6010.0
Riccardo's on Broadway,4.9,27.0
Subway,3.9,167.0
Crown Candy Kitchen,4.7,3510.0
Fresno's Diner,4.6,33.0
King Grill,4.0,739.0
Piekutowski's Distributors,4.7,215.0
White Castle,3.7,1444.0
Gregg's Bar & Grill,4.6,381.0
Assumptions Cigar & Hookah Ultra Lounge,4.2,143.0
Freddie G's Chicken and Waffle,4.3,377.0
Neighborhood Bar & Grill,4.5,112.0
Partners Seafood + Chicken,4.8,22.0
Gene's Bar And Grill,4.4,411.0
China Kim Chinese Restaurant,3.9,16.0
Shell,3.5,26.0
Diner,3.7,6.0
King's Fried Rice,4.4,593.0
PLAY Karaoke & Bistro,5.0,2.0
Dawg Pound Gentlemen's Club,4.3,19.0
Intl Food Products Prairie St Stn,3.5,2.0
China house 1,4.1,74.0
CW ‘s lounge,4.7,17.0
Bernie's Place,4.3,460.0
Tony & D's,,
John's Drive-In,4.7,3.0
Landford Chicken Fish & Grill,4.3,3.0
Baba Asaju,,
Canton House Chop Suey,4.4,161.0
@ Monroe,3.9,380.0
Ernie & Annie's Inc,4.6,194.0
Jerry's Cafeteria & Catering,4.6,583.0
Kimara’s Pizza,4.4,15.0
JJ's Bar-B-Q & More,4.8,107.0
Unger's Fish Market,,
Marko's Fish,4.8,367.0
Mid-Coast Terminal Co,4.7,3.0
