name,rating,user_ratings_total
LongHorn Steakhouse,4.2,1923.0
Buffalo Wild Wings,4.0,1035.0
Maggie O'Brien's Sunset Hills,4.2,738.0
Chili's Grill & Bar,4.1,1210.0
Helen Fitzgerald's Irish Grill & Pub,4.3,3027.0
The Brothers Beer & Bourbon House - Sunset Hills,4.7,152.0
Walnut Grill - Sunset Hills,3.9,966.0
Van's Tavern,4.7,50.0
Sappington Lounge,4.4,100.0
Bar Louie - Kirkwood,4.5,2468.0
Billy G's Kirkwood,4.5,2803.0
Buffalo Wild Wings,4.0,1035.0
Mike Duffy's Pub & Grill Kirkwood,4.3,791.0
Chili's Grill & Bar,4.1,1210.0
PJ's Tavern,4.5,494.0
The Geyer Inn,4.5,108.0
Three Kings Public House,4.4,1368.0
QDOBA Mexican Eats,3.9,284.0
Kirkwood Ice & Fuel Co,4.3,384.0
612 Kitchen & Cocktails,4.3,312.0
Bar 5,,
Whisker Station Cat Cafe and Lounge,4.8,130.0
Van's Tavern,4.7,50.0
Circle 7 Ranch,4.5,1429.0
Fleming’s Prime Steakhouse & Wine Bar,4.6,996.0
Three Kings Public House,4.4,1368.0
Mariposa,4.7,30.0
Vangel's Restaurant & Bar,4.6,78.0
Circle 7 Ranch,4.5,1429.0
Provinces,4.4,113.0
Fleming’s Prime Steakhouse & Wine Bar,4.6,996.0
Lester's,4.4,999.0
Sportsmans Park Restaurant & Bar,4.5,478.0
Mariposa,4.7,30.0
Provinces,4.4,113.0
Olivette Lanes,4.5,1173.0
California Pizza Kitchen at Creve Coeur,4.1,722.0
The Brothers Beer & Bourbon House Creve Coeur,4.6,26.0
Rhonda's,3.7,49.0
By-Ron Entertainment,4.5,4.0
Suwallers Bar & Grill,4.7,980.0
Stl On The Rocks Bar & Grill,4.5,196.0
Syberg's Dorsett,4.4,4298.0
Drunken Fish - Westport Plaza,4.1,1108.0
Hooters,3.7,1788.0
India Palace,4.0,1482.0
Trainwreck Saloon Westport,4.2,1773.0
Backstreet Jazz & Blues Club,4.4,51.0
QDOBA Mexican Eats,3.9,546.0
Extend Bar - Extend Nutrition,,
O'Fallon Brewery,4.2,493.0
Westport Social,4.5,2954.0
Millwoods Sports Bar and Grill in Maryland Heights,4.1,14.0
Nuts Bar & Grill,4.5,214.0
SHEA'S NAIL BAR,4.4,271.0
VFW 3994,,
La Tejana Taqueria,4.5,962.0
Suwallers Bar & Grill,4.7,980.0
Pirate's Cove,4.4,50.0
By-Ron Entertainment,4.5,4.0
Hotshots Sports Bar & Grill,4.0,1102.0
Foley's Fun and Drink,4.4,83.0
Applebee's Grill + Bar,3.8,1388.0
Final Destination Bar & Cafe,4.4,192.0
BS Bar & Grill,4.4,246.0
La Tejana Taqueria,4.5,962.0
The Waiting Room,4.7,165.0
Pirate's Cove,4.4,50.0
O'Hagen's Irish Pub,2.3,10.0
Twisters Lounge,4.0,62.0
Bar Code & Grill,4.5,419.0
Nuts Bar & Grill,4.5,214.0
QDOBA Mexican Eats,3.7,601.0
Lehmann's Landing,4.5,287.0
Ashby Pub,4.5,97.0
Terminal 3 Bar & Grill,5.0,3.0
Chi-Louie's Bar & Grill LLC,4.7,34.0
It's Noon Somewhere,4.2,46.0
Silver Fox Saloon,4.3,79.0
Get Away Hookah,5.0,3.0
Outback Steakhouse,4.1,2964.0
Olive Garden Italian Restaurant,4.1,3225.0
TGI Fridays,4.0,1455.0
Roberto's Trattoria,4.7,414.0
54th Street Scratch Grill & Bar,4.0,1311.0
Applebee's Grill + Bar,4.1,1250.0
Joey B's Food & Drink Concord,4.3,1761.0
Schottzie's Bar & Grill,4.3,874.0
Sappington Lounge,4.4,100.0
Three Kings Public House,4.4,1344.0
El Maguey Mexican Restaurant,4.4,648.0
Crossroads Sports Bar,4.4,100.0
Bar Louie - Kirkwood,4.5,2468.0
Billy G's Kirkwood,4.5,2803.0
Robust Bistro & Wine Bar,4.4,347.0
The Block Restaurant Webster Groves,4.5,204.0
Mike Duffy's Pub & Grill Kirkwood,4.3,791.0
Buffalo Wild Wings,4.0,1035.0
Chili's Grill & Bar,4.1,1210.0
Applebee's Grill + Bar,4.1,1250.0
PJ's Tavern,4.5,494.0
Pinot's Palette (Webster Groves),4.8,166.0
The Clover and the Bee,4.6,614.0
QDOBA Mexican Eats,3.9,284.0
Kirkwood Ice & Fuel Co,4.3,384.0
Whisker Station Cat Cafe and Lounge,4.8,130.0
Bar 5,,
The Geyer Inn,4.5,108.0
Van's Tavern,4.7,50.0
Perennial on Lockwood,4.6,252.0
Olive + Oak,4.7,1198.0
Robust Bistro & Wine Bar,4.4,347.0
The Block Restaurant Webster Groves,4.5,204.0
Llywelyn's Pub,4.3,1243.0
Cyrano's Cafe,4.5,898.0
Trainwreck Saloon,4.4,833.0
Global Brew,4.5,325.0
Pinot's Palette (Webster Groves),4.8,166.0
The Clover and the Bee,4.6,614.0
OB. Clark's,4.4,821.0
Bonefish Grill,4.4,2715.0
WOW Café,3.7,11.0
Olive + Oak,4.7,1198.0
Perennial on Lockwood,4.6,252.0
Robbie's House of Jazz,4.5,4.0
Vangel's Restaurant & Bar,4.6,78.0
Naked Spirits Rum,,
Deer Creek Bar & Grill,4.6,135.0
Twin Peaks,4.2,2298.0
Lester's,4.4,999.0
Fleming’s Prime Steakhouse & Wine Bar,4.6,996.0
Sportsmans Park Restaurant & Bar,4.5,478.0
Mariposa,4.7,30.0
Provinces,4.4,113.0
Olivette Lanes,4.5,1173.0
Fallon's Bar & Grill,4.5,763.0
Frida's and Bonito Bar,4.4,557.0
Elmo's Love Lounge,4.1,877.0
J. McGraugh's Bar & Grill,4.5,194.0
Three of A Kind Bar & Grill,4.4,589.0
Lil's Fireside Lounge,4.5,104.0
Chef's Express At Schnucks,4.3,55.0
Juicy's,4.6,16.0
Stanley's Cup and Grill,4.7,52.0
Stl On The Rocks Bar & Grill,4.5,196.0
Diego’s Cantina,4.2,206.0
Just Bill's Place Inc,4.4,229.0
Sonny's Bar,4.4,152.0
The Crowbar,4.5,145.0
Applebee's Grill + Bar,3.9,1367.0
T J's Ali-By Inn,4.4,49.0
Lil's Fireside Lounge,4.5,104.0
Suwallers Bar & Grill,4.7,980.0
The Req Room Bar and Bistro,4.6,245.0
Ashby Pub,4.5,97.0
VFW 3994,,
Stl On The Rocks Bar & Grill,4.5,196.0
By-Ron Entertainment,4.5,4.0
Rhonda's,3.7,49.0
Sanbar Tavern,4.0,11.0
Stanley's Cup and Grill,4.7,52.0
Office,4.3,170.0
Old Timers Saloon,4.3,150.0
OT's Bar,4.2,54.0
Three of A Kind Bar & Grill,4.4,589.0
Juicy's,4.6,16.0
USO Missouri,4.7,540.0
Underground Burger Bar,3.6,105.0
Chili's Grill & Bar,3.4,1307.0
American Airlines Admirals Club,4.5,469.0
Foley's Fun and Drink,4.4,83.0
Final Destination Bar & Cafe,4.4,192.0
Applebee's Grill + Bar,3.9,1367.0
BS Bar & Grill,4.4,246.0
The Waiting Room,4.7,165.0
Three Kings Public House,3.8,398.0
Wingtips Lounge,2.8,193.0
St. Louis Brewmasters Tap Room,3.5,93.0
Schlafly Beer Bar & Grill - STL Terminal C,2.9,55.0
VINO VOLO,4.1,157.0
Beers of the World,2.6,44.0
Mike Shannon's,3.5,298.0
Office,4.3,170.0
T J's Ali-By Inn,4.4,49.0
OT's Bar,4.2,54.0
Old Timers Saloon,4.3,150.0
Bar Code & Grill,4.5,419.0
La Herradura De Baule,4.5,33.0
Syberg's Gravois,4.5,1817.0
Weber's 8713 Grill & Tap,4.4,501.0
The Clubhouse Bar & Grill,4.4,391.0
Ambrosia Restaurant & Bar,4.3,83.0
The Canteen @ 9 Mile Garden,3.9,14.0
Barrel Blends Wine and Spirits Affton,4.9,166.0
River City Pub,4.4,166.0
Busch On Tap,,
CT Magoc's,4.5,56.0
Cyrano's Cafe,4.5,898.0
Big Sky Cafe,4.6,521.0
The Block Restaurant Webster Groves,4.5,204.0
Weber's Front Row,4.2,593.0
Robust Bistro & Wine Bar,4.4,347.0
Llywelyn's Pub,4.3,1243.0
WOW Café,3.7,11.0
Vino Teca Inc,4.0,1.0
HotShots Sports Bar & Grill,4.0,709.0
The Clover and the Bee,4.6,614.0
Pinot's Palette (Webster Groves),4.8,166.0
Hwy 61 Roadhouse,4.6,821.0
Frisco Barroom,4.4,806.0
Robbie's House of Jazz,4.5,4.0
Perennial on Lockwood,4.6,252.0
Olive + Oak,4.7,1198.0
Buffalo Wild Wings,3.5,2033.0
The Post Sports Bar & Grill - Maplewood,4.4,1165.0
Boogaloo,4.3,1140.0
Farmhaus Restaurant,4.7,348.0
Olympia Kebob House and Taverna,4.4,1753.0
Cyrano's Cafe,4.5,898.0
Acero,4.8,476.0
Michael's Bar & Grill,4.6,1979.0
Weber's Front Row,4.2,593.0
Big Sky Cafe,4.6,521.0
Aya Sofia Restaurant,4.4,589.0
Mike Duffy's Pub & Grill Richmond Heights,4.3,516.0
Failoni's Restaurant,4.7,585.0
The Crow's Nest,4.6,1150.0
Foley's Bar & Grill,4.6,246.0
The Side Project Cellar,4.6,341.0
Tapped Social House,4.5,493.0
Schlafly Bottleworks,4.4,980.0
Cusumano's Pizza,3.9,123.0
QDOBA Mexican Eats,3.9,765.0
OB. Clark's,4.4,821.0
The Cue,4.6,210.0
McLain's Corner Bar Grill,4.4,123.0
Bonefish Grill,4.4,2715.0
Colombo's Cafe & Tavern,4.4,131.0
Babe's Tavern & Garden,4.4,145.0
QDOBA Mexican Eats,3.9,648.0
Side Project Brewing,4.7,216.0
The Side Project Patio,5.0,9.0
Chateau Maplewood Wine Bar & Shop,4.9,47.0
Deer Creek Bar & Grill,4.6,135.0
Twin Peaks,4.2,2298.0
Muser's Pub,4.3,93.0
Sal y Limón Mexican Grille,4.0,177.0
Sunny's Cantina,4.7,492.0
Naked Spirits Rum,,
Zoe’s Place,4.7,21.0
Red Robin Gourmet Burgers and Brews,4.1,1755.0
Frisco Barroom,4.4,806.0
Hwy 61 Roadhouse,4.6,821.0
DelPietro's Restaurant,4.5,216.0
Maggiano's Little Italy,4.5,4441.0
Buffalo Wild Wings,3.5,2033.0
Tropicana Lanes,4.1,1567.0
Barcelona Tapas Restaurant,4.2,624.0
Wasabi Sushi Bar Clayton,4.0,306.0
Crushed Red- Clayton,4.3,754.0
The Crossing,4.7,391.0
Half & Half,4.3,1092.0
Frida's and Bonito Bar,4.4,557.0
Mike Duffy's Pub & Grill Richmond Heights,4.3,516.0
Plaza Grill Restaurant,4.4,136.0
The Cigar Club,4.4,32.0
California Pizza Kitchen at St. Louis,4.1,611.0
Coma Coffee Roasters,4.3,506.0
The Capital Grille,4.7,1109.0
Louie's Wine Dive & Clayton Kitchen,4.5,557.0
801 Chophouse,4.6,1073.0
Bonefish Grill,4.4,2715.0
C.J. Mugg's - Clayton,4.2,791.0
OB. Clark's,4.4,821.0
QDOBA Mexican Eats,3.9,651.0
J. McGraugh's Bar & Grill,4.5,194.0
QDOBA Mexican Eats,3.9,765.0
Chef's Express At Schnucks,4.3,55.0
Helium Comedy Club,4.3,1640.0
Elizet Beauty Bar,5.0,203.0
"Mezcaleria Las Chupacabres 25 The Blvd Richmond Heights, MO 63117",4.1,597.0
Peel Wood Fired Pizza,4.4,553.0
IL Palato Italian Restaurant,4.6,121.0
Bemiston Cocktail Club,4.3,34.0
Avenue Restaurant,4.4,294.0
Ivy Cafe,4.7,159.0
the B A O,4.2,433.0
John P. Field’s,3.9,190.0
Red Robin Gourmet Burgers and Brews,4.1,1755.0
Naked Spirits Rum,,
Sal y Limón Mexican Grille,4.0,177.0
Diego’s Cantina,4.2,206.0
DelPietro's Restaurant,4.5,216.0
Twin Peaks,4.2,2298.0
Blueberry Hill,4.3,3123.0
Fitz's Delmar,4.5,5174.0
Frida's and Bonito Bar,4.4,557.0
Barcelona Tapas Restaurant,4.2,624.0
Wasabi Sushi Bar Clayton,4.0,306.0
Crushed Red- Clayton,4.3,754.0
The Crossing,4.7,391.0
Pin-Up Bowl,4.2,550.0
Half & Half,4.3,1092.0
The Cigar Club,4.4,32.0
Three Kings Public House,4.5,1672.0
Elmo's Love Lounge,4.1,877.0
Blue Ocean Restaurant,4.4,1009.0
801 Chophouse,4.6,1073.0
Louie's Wine Dive & Clayton Kitchen,4.5,557.0
The Drink House STL,5.0,7.0
Diego’s Cantina,4.2,206.0
The W Karaoke Lounge,4.3,579.0
Milano hookah lounge,4.7,146.0
Salt + Smoke,4.5,3784.0
G-san kitchen,4.0,51.0
"International Tap House, Delmar",4.5,102.0
John P. Field’s,3.9,190.0
the B A O,4.2,433.0
Ivy Cafe,4.7,159.0
Avenue Restaurant,4.4,294.0
Bemiston Cocktail Club,4.3,34.0
Just Bill's Place Inc,4.4,229.0
Applebee's Grill + Bar,3.9,1367.0
The Crowbar,4.5,145.0
Lowes Entertainment,4.1,111.0
Sonny's Bar,4.4,152.0
T J's Ali-By Inn,4.4,49.0
Lil's Fireside Lounge,4.5,104.0
Charlack Pub,4.6,263.0
The Spot Sports Bar,4.4,142.0
After Hours Bar and Grill,4.3,73.0
Old Timers Saloon,4.3,150.0
OT's Bar,4.2,54.0
Sanbar Tavern,4.0,11.0
Three of A Kind Bar & Grill,4.4,589.0
Capri's Lounge,4.2,19.0
La Herradura De Baule,4.5,33.0
The Req Room Bar and Bistro,4.6,245.0
Juicy's,4.6,16.0
Office,4.3,170.0
Ferguson Brewing Co.,4.6,1248.0
Mimi's Subway Bar and Grill,4.5,342.0
Montrey's Cigar Lounge,4.6,497.0
Lowes Entertainment,4.1,111.0
Burlington,1.0,1.0
Club Xposure,,
La Herradura De Baule,4.5,33.0
Midwest Wine Bar,4.8,56.0
Capri's Lounge,4.2,19.0
Schlafly Beer Bar & Grill - STL Terminal C,2.9,55.0
Perennial Artisan Ales,4.8,391.0
Syberg's Gravois,4.5,1817.0
The Haven,4.6,745.0
Caddy Shack,4.4,81.0
Friendly's Sports Bar - South County,4.1,180.0
The Wedge Tavern,4.5,196.0
The Korner Bar,4.3,155.0
Weber's 8713 Grill & Tap,4.4,501.0
Bar:PM,4.7,236.0
Larry J's,4.5,162.0
The Dry Dock Tavern,4.4,161.0
Fergie's Bar & Restaurant,4.6,577.0
TESSON STATION,4.6,170.0
Kelly's GED 1,4.2,25.0
CT Magoc's,4.5,56.0
Mary's Blue Ribbon Lounge,4.1,80.0
Busch On Tap,,
Tuckers Bar & Grill,4.2,197.0
The Halfway Haus,4.5,188.0
Judy's Velvet Lounge,4.1,39.0
Stacked STL,4.7,3259.0
Wine Down Cafe (St. Louis),4.8,137.0
River City Pub,4.4,166.0
The Off Track Saloon,4.6,427.0
Hummel's Pub,4.6,94.0
Doc Haus,4.4,99.0
The Mack (Bar & Grill),4.5,581.0
Onesto Pizza & Trattoria,4.6,588.0
Aya Sofia Restaurant,4.4,589.0
Syberg's Gravois,4.5,1817.0
Pueblo Solis,4.3,575.0
Salt + Smoke,4.5,1870.0
JJ Twig's Pizza & Pub,4.5,520.0
Vino Teca Inc,4.0,1.0
Caddy Shack,4.4,81.0
The Haven,4.6,745.0
Weber's 8713 Grill & Tap,4.4,501.0
QDOBA Mexican Eats,3.9,648.0
The Famous Bar,4.5,318.0
Bono's Pizzeria,4.3,463.0
Barney's Sports Pub,4.2,203.0
Rockwell Beer Garden,4.4,195.0
Seven Leaf,5.0,45.0
The 09 Pub,4.6,105.0
Weber's Bar,4.6,28.0
Stan's Bar,4.4,222.0
Smoking Barrels BBQ,4.3,599.0
Karaoke,,
River City Pub,4.4,166.0
Novella Wine Bar,4.9,148.0
Triple Crown Café,5.0,5.0
Pepper's Bar & Grill,4.4,711.0
DB Cooper's Safe House,4.8,836.0
Keetons Double Play,4.4,253.0
Busch On Tap,,
CT Magoc's,4.5,56.0
Cotter's Sports Bar and Karaoke Lounge,4.4,237.0
Doc Haus,4.4,99.0
Zoe’s Place,4.7,21.0
Level Coffee Bar,4.1,13.0
Zia's on The Hill,4.6,3203.0
O'Connell's Pub,4.5,1535.0
Nick's Pub,4.3,1108.0
Farmhaus Restaurant,4.7,348.0
The Royale Food & Spirits,4.5,943.0
Ari's Restaurant & Bar,4.3,774.0
Amsterdam Tavern,4.6,641.0
Pop's Blue Moon,4.6,35.0
Milo's Tavern,4.6,781.0
Failoni's Restaurant,4.7,585.0
Alpha Brewing Company,4.5,328.0
Bomber O'Brien's Sports Bar & Grill,4.3,457.0
SOHA Bar and Grill,4.4,735.0
Trophy Room,4.2,258.0
Colombo's Cafe & Tavern,4.4,131.0
The Famous Bar,4.5,318.0
Lou Boccardi's Restaurant,3.9,218.0
The Hideaway,4.5,315.0
Ryan's Corner Pub,4.5,88.0
Falcon’s Social Club,5.0,8.0
The Tavern @ Clifton Heights,4.4,60.0
Carnivore STL,4.5,876.0
Silverleaf,4.6,106.0
Oliva on the Hill,4.7,135.0
Zoe’s Place,4.7,21.0
Babe's Tavern & Garden,4.4,145.0
Tower Pub,4.6,430.0
Arena Bar,4.4,129.0
Muser's Pub,4.3,93.0
Sunny's Cantina,4.7,492.0
Barney's Sports Pub,4.2,203.0
Stella Blues LLC,4.5,551.0
City Park Grill,4.5,946.0
Tres Equis,4.6,34.0
Karaoke,,
The Golden Hoosier,4.6,593.0
Deja Vu Hookah Lounge,5.0,1.0
The Pageant,4.6,3171.0
Seamus McDaniel's,4.5,1849.0
Blueberry Hill,4.3,3123.0
Fitz's Delmar,4.5,5174.0
Olympia Kebob House and Taverna,4.4,1753.0
Basso,4.4,874.0
Nick's Pub,4.3,1108.0
Mike Duffy's Pub & Grill Richmond Heights,4.3,516.0
Pin-Up Bowl,4.2,550.0
The Pat Connolly Tavern,4.5,833.0
Sasha's Wine Bar,4.4,513.0
Par Lounge,4.0,176.0
The Cigar Club,4.4,32.0
Failoni's Restaurant,4.7,585.0
Three Kings Public House,4.5,1672.0
Michael's Bar & Grill,4.6,1979.0
Fox & Hounds Tavern,4.6,209.0
Ruthie's Bar & Grill,4.3,16.0
QDOBA Mexican Eats,3.9,651.0
Delmar Hall,4.7,1337.0
Tamm Avenue Bar,4.6,584.0
Blue Ocean Restaurant,4.4,1009.0
801 Chophouse,4.6,1073.0
Heavy Riff Brewing Company,4.6,608.0
Colombo's Cafe & Tavern,4.4,131.0
The Capital Grille,4.7,1109.0
Rays,,
Wild Lemons,5.0,1.0
DelPietro's Restaurant,4.5,216.0
G-san kitchen,4.0,51.0
Magic Mini Golf,5.0,2.0
Stone Turtle Restaurant and Bar,4.5,568.0
"International Tap House, Delmar",4.5,102.0
Milano hookah lounge,4.7,146.0
Salt + Smoke,4.5,3784.0
The W Karaoke Lounge,4.3,579.0
Red Sea 2.0,4.2,6.0
Blue Dine And Lounge,4.1,141.0
Palomino Lounge,4.3,79.0
Arena Bar,4.4,129.0
Sunny's Cantina,4.7,492.0
The Pageant,4.6,3171.0
Blueberry Hill,4.3,3123.0
Fitz's Delmar,4.5,5174.0
Pin-Up Bowl,4.2,550.0
Three Kings Public House,4.5,1672.0
Delmar Hall,4.7,1337.0
Legacy Bar & Grill,4.5,438.0
Club Vision,4.4,183.0
Blue Ocean Restaurant,4.4,1009.0
Warehouse West,4.7,30.0
Spraggins Lounge,5.0,1.0
Spodie's Lounge,4.8,34.0
R & B Hideout Bar & Grill,,
Zonemusic Famyalty,,
Daiqs Bar & Grill,4.8,70.0
Two of A Kind 2,4.2,114.0
The Nation Bar And Grill,4.4,377.0
Vibezz Kitchen & Hookah Lounge,,
Blue Dine And Lounge,4.1,141.0
Palomino Lounge,4.3,79.0
Red Sea 2.0,4.2,6.0
The Drink House STL,5.0,7.0
City Magic Cocktail Lounge & Restaurant,4.2,131.0
Magic Mini Golf,5.0,2.0
"International Tap House, Delmar",4.5,102.0
G-san kitchen,4.0,51.0
Salt + Smoke,4.5,3784.0
Beulah's Red Velvet Lounge,3.6,33.0
Milano hookah lounge,4.7,146.0
The W Karaoke Lounge,4.3,579.0
Lowes Entertainment,4.1,111.0
Whalens bar,4.2,59.0
Zonemusic Famyalty,,
Capri's Lounge,4.2,19.0
After Hours Bar and Grill,4.3,73.0
Spodie's Lounge,4.8,34.0
Ferguson Brewing Co.,4.6,1248.0
New York Grill,4.0,816.0
Montrey's Cigar Lounge,4.6,497.0
Mimi's Subway Bar and Grill,4.5,342.0
Dellwood Lounge,4.5,192.0
Midwest Wine Bar,4.8,56.0
Bar 922,4.5,491.0
The Gavel-STL,4.6,27.0
Perennial Artisan Ales,4.8,391.0
Bar:PM,4.7,236.0
Pooh's Corner,4.3,109.0
TESSON STATION,4.6,170.0
Members Only Lounge STL,4.8,28.0
Hummel's Pub,4.6,94.0
The Off Track Saloon,4.6,427.0
Red's Eighth Inning Bar,4.6,139.0
Blumenthal Building,5.0,1.0
Wine Down Cafe (St. Louis),4.8,137.0
Stacked STL,4.7,3259.0
Little Bar,4.6,96.0
The Halfway Haus,4.5,188.0
Off Fifty Five Bar & Grill,4.6,90.0
Tuckers Bar & Grill,4.2,197.0
Judy's Velvet Lounge,4.1,39.0
Bar M.C,4.5,2.0
The Haunt,4.6,332.0
JD's Corner,4.4,31.0
Das Bevo,4.1,717.0
Civil Life Brewing Co.,4.9,547.0
The Mack (Bar & Grill),4.5,581.0
The Original Crusoe's Restaurant & Patrick McKeane's Pub,4.3,1234.0
Onesto Pizza & Trattoria,4.6,588.0
The Heavy Anchor,4.6,465.0
The Silver Ballroom,4.7,526.0
Bomber O'Brien's Sports Bar & Grill,4.3,457.0
Friendly's Sports Bar & Grill,4.4,733.0
The Haven,4.6,745.0
The Stellar Hog,4.7,706.0
Slackers Bar & Grill,3.9,17.0
Pepper's Bar & Grill,4.4,711.0
Time Out Bar & Grill,3.9,365.0
Pooh's Corner,4.3,109.0
Doc Haus,4.4,99.0
Tim's Chrome Bar,4.4,87.0
bevo mill,4.5,6.0
STL Brewhogs,5.0,1.0
Ray's Bar,4.7,67.0
Skala Bar,3.8,42.0
Bar Infinity,5.0,2.0
Hollywood Restaurant Bar & Grill,4.0,7.0
Krajina Restaurant & Bar,4.8,69.0
Lucky Duck,5.0,1.0
Sports Zone Bevo,4.4,142.0
Level Coffee Bar,4.1,13.0
Tiny Chef,4.9,128.0
DB Cooper's Safe House,4.8,836.0
Bar M.C,4.5,2.0
Keetons Double Play,4.4,253.0
Meramec Tavern,4.5,34.0
Novella Wine Bar,4.9,148.0
The Drawing Board,4.9,97.0
Cotter's Sports Bar and Karaoke Lounge,4.4,237.0
Triple Crown Café,5.0,5.0
The Haunt,4.6,332.0
The Famous Bar,4.5,318.0
Smoking Barrels BBQ,4.3,599.0
The Attic Music Bar,4.5,59.0
Deja Vu Hookah Lounge,5.0,1.0
The Golden Hoosier,4.6,593.0
Bootleggin' Bob's,4.5,42.0
Stan's Bar,4.4,222.0
Off Fifty Five Bar & Grill,4.6,90.0
Behrmann's Tavern,4.3,60.0
JD's Corner,4.4,31.0
Infinity Blue Sport Bar & Restaurant,4.5,24.0
Little Bar,4.6,96.0
Sasha's on Shaw,4.4,796.0
Blackthorn Pub and Pizza,4.4,1116.0
Hodak's Restaurant & Bar,4.5,5174.0
Amsterdam Tavern,4.6,641.0
QDOBA Mexican Eats,3.9,697.0
Grey Fox Pub,4.1,410.0
Friendly's Sports Bar & Grill,4.4,733.0
HandleBar,4.5,792.0
Just John Club,4.1,205.0
Riley's Pub,4.6,367.0
Alpha Brewing Company,4.5,328.0
ELAIA,4.4,116.0
Tick Tock Tavern,4.7,302.0
Crafted.,4.4,593.0
The Choice Restaurant,3.9,436.0
San Loo,4.7,119.0
CBGB,4.8,288.0
Miracle StL,4.4,75.0
The Improv Shop,4.8,418.0
Yaquis on Cherokee,4.5,477.0
Tower Pub,4.6,430.0
The B-Side,4.5,266.0
The Ready Room,4.5,870.0
Parlor,4.3,414.0
The Whiskey Ring,4.6,358.0
Gallery Pub on Thurman,4.8,77.0
Steve's Hot Dogs,4.7,1885.0
The Night Owl,4.8,23.0
Tea Dance Tower Grove Park,,
New Society,5.0,10.0
The Gin Room,4.7,124.0
El Leñador,4.7,24.0
Press Box Sports Bar & Kitchen,4.2,45.0
1 Nite Stand,4.1,129.0
Busch On Tap,,
Stella Blues LLC,4.5,551.0
Keypers Piano Bar,4.4,218.0
The Lucky Accomplice,4.6,212.0
Press,4.9,99.0
Greenfinch Theater & Dive,5.0,15.0
City Park Grill,4.5,946.0
Tres Equis,4.6,34.0
Chunky Boys,4.5,163.0
'ssippi,4.8,78.0
The Get Down,4.9,184.0
Small Change STL,4.8,179.0
Bar K St. Louis,4.8,1156.0
The Cola Private Lounge,4.9,19.0
Barkeep STL,,
The Vandy,5.0,41.0
Sueño Latino Restaurant,4.6,195.0
Tropical Liqueurs,4.5,536.0
Rehab Bar And Grill,4.0,255.0
Open Concept,4.0,188.0
Arzolas Fajitas + Margaritas,4.8,466.0
Seven 14 Lounge,4.5,24.0
Takashima Record Bar,4.4,117.0
La Calle Mexican Restaurant,4.3,46.0
Drunken Fish - Central West End,4.0,1227.0
Pi Pizzeria - Central West End,4.3,1482.0
Bar Italia,4.3,453.0
Dressel's Pub,4.5,722.0
HandleBar,4.5,792.0
The Gramophone,4.7,2719.0
Sanctuaria,4.1,575.0
Brennan's,4.5,481.0
The Scottish Arms,4.6,1348.0
Just John Club,4.1,205.0
Diablitos Cantina,4.0,289.0
Chase Club,4.3,360.0
QDOBA Mexican Eats,3.7,809.0
Applebee's Grill + Bar,3.8,1944.0
Vino STL,4.5,141.0
ShiSha Restaurant & Lounge,3.9,475.0
The Preston,4.1,130.0
Pagan Wine Bar,4.9,192.0
Evangeline's Bistro and Music House,4.3,1198.0
Scarlett's Wine Bar,4.5,400.0
Modern Brewery & The Kings Oak,4.6,206.0
Legacy Bar & Grill,4.5,438.0
Urban Chestnut Grove Brewery and Bierhall,4.5,1019.0
The Twisted Tiki,4.4,559.0
Parlor,4.3,414.0
The Ready Room,4.5,870.0
Layla,4.5,1735.0
Saigon Cafe,4.5,499.0
Narwhal's Crafted,4.7,1340.0
The Improv Shop,4.8,418.0
Sunday Best by Juniper,4.5,848.0
Rosie's Place,4.6,120.0
Brass Bar,5.0,2.0
Lazy Tiger,4.7,87.0
The Maryland House,4.1,15.0
Up-Down STL,4.7,2073.0
Blue Strawberry,4.5,311.0
Wasabi Sushi Bar Cortex,4.2,195.0
Shred’s Internet Cafe,4.0,7.0
Retreat Gastropub,4.6,1118.0
Platypus,4.7,201.0
Prism,4.5,40.0
La Calle Mexican Restaurant,4.3,46.0
Open Concept,4.0,188.0
Takashima Record Bar,4.4,117.0
Tropical Liqueurs,4.5,536.0
Rehab Bar And Grill,4.0,255.0
The Vandy,5.0,41.0
Barkeep STL,,
The Get Down,4.9,184.0
The Meaning of Bar,5.0,1.0
UPBar,3.9,241.0
The Braiders Bar,,
Firehouse 282,4.5,167.0
Marshas Ltd,4.4,207.0
J's Hideout,,
Harlem Tap Room,4.4,275.0
Black Door Bar And Grill,4.4,26.0
Janay's Cocktail Lounge (formerly Peter Gunn's Lounge),4.3,188.0
Legends Bar & Grill,4.5,520.0
Diana's Royal Palace,4.1,138.0
Lady J & Tony G,4.3,62.0
josephine baker jazz & blues club,4.0,5.0
NBC Lounge,4.2,378.0
Cocktail Lounge,4.0,22.0
Beulah's Red Velvet Lounge,3.6,33.0
City Magic Cocktail Lounge & Restaurant,4.2,131.0
The Braiders Bar,,
Midtown Bar & Grill,4.1,420.0
R & B Hideout Bar & Grill,,
Jake's Copacabana,,
Bikers Corner,4.2,584.0
Playground Bar & Grill,4.4,163.0
Gateway Lounge,5.0,2.0
DSquared Bistro,4.5,236.0
Sit & Sip,4.6,17.0
Hurns Cocktail Lounge,4.5,279.0
Midtown Sports Bar & Grill,4.1,168.0
The Grand Zodiac Lounge,4.3,292.0
Upper Level Restaurant&Lounge,4.1,117.0
Big Mike,,
Bar 922,4.5,491.0
Speakeasy A Bar & Restaurant,4.5,282.0
Vibezz Kitchen & Hookah Lounge,,
The Nation Bar And Grill,4.4,377.0
Two of A Kind 2,4.2,114.0
Starz Bar And Grill,4.5,279.0
Daiqs Bar & Grill,4.8,70.0
The Gavel-STL,4.6,27.0
Nick's Bar & Grill,4.4,125.0
JC Supper Club,4.3,554.0
DaCity Event Center,4.5,22.0
Korner Bar & Package,4.3,112.0
The Gavel-STL,4.6,27.0
Starz Bar And Grill,4.5,279.0
Bar 922,4.5,491.0
The Prairies Golf Club,3.8,67.0
The Hideout,4.6,36.0
The Original Crusoe's Restaurant & Patrick McKeane's Pub,4.3,1234.0
Off Broadway,4.6,628.0
Venice Café,4.8,936.0
Big Daddy's Bar in Soulard #1 Patio & Party Spot,4.3,883.0
Fortune Teller Bar,4.6,398.0
Frazer's Restaurant & Lounge,4.7,756.0
Grey Fox Pub,4.1,410.0
Irish Corner Pub,4.5,304.0
Saint Louis Hop Shop,4.8,288.0
The Whiskey Ring,4.6,358.0
Yaquis on Cherokee,4.5,477.0
The B-Side,4.5,266.0
San Loo,4.7,119.0
Slackers Bar & Grill,3.9,17.0
The Choice Restaurant,3.9,436.0
Capitalist Pig,4.3,142.0
Miracle StL,4.4,75.0
Zephyr Bar + Salon,4.8,67.0
El Leñador,4.7,24.0
Iowa Buffet,2.0,4.0
Iowa Buffet,4.5,220.0
Behrmann's Tavern,4.3,60.0
Bluewood Brewing,4.6,178.0
The Saturn Lounge,4.9,67.0
JD's Corner,4.4,31.0
Seven 14 Lounge,4.5,24.0
Station No. 3,4.8,112.0
Sueño Latino Restaurant,4.6,195.0
The Cola Private Lounge,4.9,19.0
'ssippi,4.8,78.0
Infinity Blue Sport Bar & Restaurant,4.5,24.0
Café Piazza,4.4,730.0
The Haunt,4.6,332.0
Meramec Tavern,4.5,34.0
Ninth Street Deli @ Howard's,4.7,465.0
AB-InBev,4.6,23.0
Chunky Boys,4.5,163.0
Off Fifty Five Bar & Grill,4.6,90.0
Arzolas Fajitas + Margaritas,4.8,466.0
Blumenthal Building,5.0,1.0
Small Change STL,4.8,179.0
"Cat's Meow, Inc",4.6,60.0
Press Box Sports Bar & Kitchen,4.2,45.0
Three Sixty,4.4,2276.0
Broadway Oyster Bar,4.6,7432.0
The Schlafly Tap Room,4.5,1268.0
John D. McGurk's Irish Pub and Garden,4.6,3097.0
Hooters,3.7,1941.0
Molly's In Soulard,4.3,1913.0
Pop's NightClub & Concert Venue,4.2,552.0
Bridge Tap House & Wine Bar,4.5,939.0
Hodak's Restaurant & Bar,4.5,5174.0
SqWires Restaurant & Market,4.4,1266.0
"BB's Jazz, Blues and Soups",4.5,1419.0
Diamond Cabaret,4.3,203.0
Big Daddy's Bar in Soulard #1 Patio & Party Spot,4.3,883.0
Tuckers Place,4.3,2708.0
"International Tap House, Soulard",4.7,671.0
Maggie O'Brien's,4.3,2004.0
Social Bar & Grill Soulard,4.3,1347.0
Paddy O's,4.3,771.0
Country Rock Cabaret,4.6,357.0
Brewhouse Historical Sports Bar,4.0,715.0
Europe Night Club,2.8,176.0
Venice Café,4.8,936.0
Pennydrop Bar + Kitchen,4.1,92.0
Hammerstone's,4.5,1484.0
DB's Sports Bar,4.4,800.0
Mango Restaurant,4.5,1198.0
Syberg's On Market,4.1,1714.0
Rosalita's Cantina,4.1,2558.0
The Over/Under Bar & Grill,4.1,1271.0
Frazer's Restaurant & Lounge,4.7,756.0
101 St. Louis Sports Spirits Sand,4.2,328.0
Blood & Sand,4.5,419.0
Thaxton Speakeasy,4.6,331.0
Carson's Sports Bar & Restaurant,3.8,339.0
MX Movies & Bar,4.4,1269.0
"1860 Saloon, Game Room, & Hardshell Café",4.5,1253.0
Off Broadway,4.6,628.0
The Crack Fox,4.7,643.0
The Pepper Lounge,3.8,184.0
Red Kitchen and Bar,3.5,33.0
33 Wine Shop & Bar,4.7,146.0
Oz Nightclub,3.6,197.0
D's Place,4.3,374.0
Great Grizzly Bear,4.4,339.0
Fortune Teller Bar,4.6,398.0
7th Street Grill and Bar Parking Lot,2.0,1.0
Duke's,4.3,762.0
Old Rock House,4.6,925.0
Polite Society Restaurant and Bar,4.7,1223.0
Capitalist Pig,4.3,142.0
Wheelhouse Downtown,3.8,1623.0
Tin Roof,4.1,1472.0
Voce,4.4,41.0
Crown Room,3.7,94.0
Cardinals Nation,4.3,550.0
Budweiser Brew House,4.0,826.0
Bally Sports Live!,3.8,190.0
Ballpark Village,4.5,5167.0
Miracle StL,4.4,75.0
PBR St Louis: A Cowboy Bar,3.3,162.0
The Schlafly Tap Room,4.5,1268.0
Vito's Sicilian Pizzeria & Ristorante,4.3,801.0
Maggie O'Brien's,4.3,2004.0
Urban Chestnut Midtown Brewery and Biergarten,4.6,410.0
Bridge Tap House & Wine Bar,4.5,939.0
Europe Night Club,2.8,176.0
Humphrey's Restaurant & Tavern,4.2,117.0
Jazz St. Louis,4.8,789.0
Syberg's On Market,4.1,1714.0
FIELDHOUSE Pub and Grill,4.1,711.0
Rosalita's Cantina,4.1,2558.0
The Pepper Lounge,3.8,184.0
Blood & Sand,4.5,419.0
Diablitos Cantina,4.0,289.0
The Scottish Arms,4.6,1348.0
Mango Restaurant,4.5,1198.0
QDOBA Mexican Eats,3.7,809.0
Small Batch Whiskey & Fare,4.5,666.0
The Over/Under Bar & Grill,4.1,1271.0
Thaxton Speakeasy,4.6,331.0
The Crack Fox,4.7,643.0
Nara Cafe & Hookah Lounge,4.0,393.0
Sophie's Artist Lounge,4.6,206.0
The Dark Room at The Grandel,4.5,512.0
Firehouse 282,4.5,167.0
The Bistro – Eat. Drink. Connect.®,4.3,18.0
Narwhal's Crafted,4.7,1340.0
Garment District®,3.1,8.0
Cabin Inn (Bar),5.0,2.0
Lucas Park Grille,4.3,591.0
The Boom Boom Room,4.1,185.0
The DEN,4.8,31.0
33 Wine Shop & Bar,4.7,146.0
Scarlett's Wine Bar,4.5,400.0
The Improv Shop,4.8,418.0
The Coliseum music Lounge,3.2,13.0
Voce,4.4,41.0
The Thaxton,4.7,127.0
Polite Society Restaurant and Bar,4.7,1223.0
St. Louis Sports Hall of Fame Bar & Grill,3.3,16.0
Hair of the Dog,4.3,441.0
Adobe Reds,,
Marshas Ltd,4.4,207.0
Jack Patrick's Bar & Grill,4.4,570.0
Sunday Best by Juniper,4.5,848.0
Harlem Tap Room,4.4,275.0
Bikers Corner,4.2,584.0
La Rose Room Cocktail Lounge,4.3,47.0
ART Bar,4.7,94.0
Nancy’s Jazz Lounge at the Harold and Dorothy Steward Center for Jazz,4.7,15.0
Curtain Call Lounge,4.6,19.0
Anita Cafe and Bar,4.9,17.0
Videira Wine Shop & Bar,5.0,10.0
Beffa's Bar & Restaurant,4.7,294.0
Shufflepuff,,
Midtown Sports Bar & Grill,4.1,168.0
Upper Level Restaurant&Lounge,4.1,117.0
Brick River Cider,4.5,461.0
Tootie's on Washington Ave,4.5,73.0
Hellcat,,
Marshas Ltd,4.4,207.0
Gregg's Bar & Grill,4.6,381.0
Neighborhood Bar & Grill,4.5,112.0
Sin City Clubhouse,4.6,152.0
Mississippi Social House,1.0,1.0
KJ's Bar & Grill,4.5,603.0
Casa Blanca II,4.5,35.0
Gateway Lounge,5.0,2.0
Assumptions Cigar & Hookah Ultra Lounge,4.2,143.0
Jake's Copacabana,,
Playground Bar & Grill,4.4,163.0
The Grand Zodiac Lounge,4.3,292.0
Orange Door,4.7,55.0
Hurns Cocktail Lounge,4.5,279.0
Sit & Sip,4.6,17.0
Gene's Bar And Grill,4.4,411.0
josephine baker jazz & blues club,4.0,5.0
Lady J & Tony G,4.3,62.0
Frequency Ultra Lounge,,
DSquared Bistro,4.5,236.0
Midtown Bar & Grill,4.1,420.0
Upper Level Restaurant&Lounge,4.1,117.0
Diana's Royal Palace,4.1,138.0
JC Supper Club,4.3,554.0
Candy Bar,4.0,126.0
Nick's Bar & Grill,4.4,125.0
Sociallife Bristo,4.6,5.0
The North Star Bistro,4.4,5.0
Speakeasy A Bar & Restaurant,4.5,282.0
Big Mike,,
DaCity Event Center,4.5,22.0
josephine baker jazz & blues club,4.0,5.0
JC Supper Club,4.3,554.0
DaCity Event Center,4.5,22.0
The Prairies Golf Club,3.8,67.0
Sandy Ridge Again,4.7,98.0
Lala's Gaming Lounge,4.6,30.0
The Pregame,4.2,16.0
Trecie's Glam Bar Boutique,5.0,2.0
Oscar's Bar Grill,4.5,106.0
THE DUO BAR & GRILL,4.7,12.0
The Hideout,4.6,36.0
Pop's NightClub & Concert Venue,4.2,552.0
Country Rock Cabaret,4.6,357.0
Oz Nightclub,3.6,197.0
The Prairies Golf Club,3.8,67.0
DREMOES BAR & GRILL LLC,5.0,3.0
Trap,,
Butch's Bar & Grill,4.7,82.0
Unch's Bar & Grill,4.0,236.0
THE DUO BAR & GRILL,4.7,12.0
Trecie's Glam Bar Boutique,5.0,2.0
The Pregame,4.2,16.0
Pop's NightClub & Concert Venue,4.2,552.0
Diamond Cabaret,4.3,203.0
Broadway Oyster Bar,4.6,7432.0
Country Rock Cabaret,4.6,357.0
"BB's Jazz, Blues and Soups",4.5,1419.0
Oz Nightclub,3.6,197.0
Spanky's Lounge,4.6,101.0
Double Deuce Lounge,4.4,49.0
Allen's Lounge,5.0,1.0
Da Yack Shack,4.9,14.0
Visions Ultra Bar,4.3,58.0
Ivy Ultra Lounge,4.3,70.0
Blackmon's Lounge,,
Denese's Place,4.5,214.0
Another Level,4.6,43.0
DraftKings at Casino Queen,3.8,3441.0
Naptown Get Away,,
Angry Beaver,4.5,303.0
The Garage at Music Quarter,4.9,26.0
The Honky Tonk STL,4.5,275.0
Love´s Tavern,4.6,33.0
St. Louis Union Station,,
Three Sixty,4.4,2276.0
The Schlafly Tap Room,4.5,1268.0
Hooters,3.7,1941.0
Bridge Tap House & Wine Bar,4.5,939.0
Broadway Oyster Bar,4.6,7432.0
Europe Night Club,2.8,176.0
"BB's Jazz, Blues and Soups",4.5,1419.0
Brewhouse Historical Sports Bar,4.0,715.0
Mango Restaurant,4.5,1198.0
Rosalita's Cantina,4.1,2558.0
The Over/Under Bar & Grill,4.1,1271.0
Pennydrop Bar + Kitchen,4.1,92.0
Maggie O'Brien's,4.3,2004.0
Paddy O's,4.3,771.0
Blood & Sand,4.5,419.0
MX Movies & Bar,4.4,1269.0
The Pepper Lounge,3.8,184.0
Thaxton Speakeasy,4.6,331.0
The Crack Fox,4.7,643.0
Red Kitchen and Bar,3.5,33.0
Syberg's On Market,4.1,1714.0
Nara Cafe & Hookah Lounge,4.0,393.0
Aqua,3.8,11.0
Riverfront Grill,2.9,210.0
HQ Center Bar,4.0,50.0
St. Louis Sports Hall of Fame Bar & Grill,3.3,16.0
"Hayden's Irish Pub, Downtown STL",4.7,29.0
The DEN,4.8,31.0
The Boom Boom Room,4.1,185.0
The Thaxton,4.7,127.0
Cabin Inn (Bar),5.0,2.0
Lucas Park Grille,4.3,591.0
Garment District®,3.1,8.0
PBR St Louis: A Cowboy Bar,3.3,162.0
Jack Patrick's Bar & Grill,4.4,570.0
Ballpark Village,4.5,5167.0
Budweiser Brew House,4.0,826.0
Bally Sports Live!,3.8,190.0
Cardinals Nation,4.3,550.0
Crown Room,3.7,94.0
Tin Roof,4.1,1472.0
Voce,4.4,41.0
Wheelhouse Downtown,3.8,1623.0
Hair of the Dog,4.3,441.0
Envy at the Park,3.1,13.0
The Broadway Boat Bar,4.2,52.0
Bernie's Place,4.3,460.0
Topgolf Swing Suite Four Seasons St. Louis,4.5,10.0
Sports Bar,,
"BLT's - Breakfast, Lunch and Tacos",4.5,1021.0
Zenia Bar and Grill,3.4,47.0
Fariñas Kitchen and Bar,4.3,41.0
Robie's Restaurant and Lounge at Magnolia Hotel,4.0,30.0
@ Monroe,3.9,380.0
Charles P Stanley Cigar Company,4.7,626.0
Form Skybar,4.3,74.0
Trust,4.8,171.0
The House Of Soul,4.4,157.0
St. Louis Union Station,,
Frequency Ultra Lounge,,
Kopp's Korner Too,4.0,179.0
Al's 520 Club,4.4,62.0
Dawg Pound Gentlemen's Club,4.3,19.0
Roxy's Nightclub,3.0,4.0
Perigen Tavern,4.3,108.0
Tj's Place,4.4,68.0
Ernie & Annie's Inc,4.6,194.0
Elgato Tavern,4.1,123.0
Lenny's Bar,4.2,180.0
Tj's Place,4.4,68.0
The Speakeasy,5.0,21.0
Tinseltown,5.0,5.0
