name,rating,user_ratings_total
Texas Roadhouse,4.3,3567.0
Chipotle Mexican Grill,3.2,1256.0
LongHorn Steakhouse,4.2,1923.0
Buffalo Wild Wings,4.0,1035.0
Rich & Charlie's Crestwood,4.4,1134.0
Denny's,4.0,1629.0
Maggie O'Brien's Sunset Hills,4.2,738.0
Five Guys,4.3,1117.0
Jimmy John's,2.8,182.0
St. Louis Bread Co.,4.0,579.0
Dunkin',3.2,352.0
Chili's Grill & Bar,4.1,1210.0
Sonic Drive-In,3.8,970.0
Mellow Mushroom St. Louis,4.4,2869.0
Chick-fil-A,4.6,1888.0
Helen Fitzgerald's Irish Grill & Pub,4.3,3027.0
Starbucks,4.2,485.0
Raising Cane's Chicken Fingers,4.3,984.0
Imo's Pizza,4.2,272.0
Blues Fired Pizza,4.7,441.0
Bandana's Bar-B-Q Sunset Hills,4.4,1071.0
The Barn,4.5,968.0
Tokyo Sushi,4.5,493.0
China King,3.9,133.0
Sesame,4.2,750.0
Steak 'n Shake,3.3,1429.0
Crazy Bowls & Wraps - Curbside Pickup Available!,4.3,242.0
Starbucks,4.3,361.0
Culver’s,4.4,2161.0
White Castle,4.1,830.0
Penn Station East Coast Subs,4.2,285.0
El Agave Mexican Restaurant,4.3,622.0
Lion's Choice,4.2,513.0
Burger King,3.4,554.0
San Jose Mexican Restaurant,4.5,1135.0
Circle K,3.1,16.0
Yogurtland Kirkwood,4.5,4.0
Panda Express,3.7,327.0
Kirkwood Commons,4.3,4835.0
Circle K,2.5,39.0
Trattoria Toscana,4.5,541.0
The Brothers Beer & Bourbon House - Sunset Hills,4.7,152.0
"Lean Kitchen Co - Sunset Hills, MO",,
Plant Craft Kitchen,4.7,65.0
Carvel Express,,
Northern Lights Pizza,,
Smoothie King,4.5,22.0
Subway,3.0,128.0
Walnut Grill - Sunset Hills,3.9,966.0
The Meltdown,3.4,5.0
Wakey Wakey Breakfast Place,3.9,16.0
Twisted Tree Steakhouse,4.6,2234.0
St. Louis Kolache,4.8,28.0
Piccadilly Circus Pizza,4.0,1.0
McDonald’s,2.2,97.0
Jersey Mike's Subs,4.5,15.0
Storming Crab - Kirkwood,4.3,634.0
It's Just Wings,2.5,16.0
Taco Bell,3.2,165.0
Sam's Club Cafe,,
Citizen Kane's Steak House,4.7,665.0
Texas Roadhouse,4.3,3567.0
Bar Louie - Kirkwood,4.5,2468.0
Billy G's Kirkwood,4.5,2803.0
Amigos Cantina,4.3,793.0
Subway,4.0,102.0
Imo's Pizza,4.3,340.0
Chipotle Mexican Grill,3.2,1256.0
One 19 North Tapas Wine Bar,4.5,375.0
Dewey's Pizza,4.7,1227.0
Buffalo Wild Wings,4.0,1035.0
Mike Duffy's Pub & Grill Kirkwood,4.3,791.0
Great Harvest Bread Co. Kirkwood,4.7,213.0
First Watch,4.5,886.0
Domino's Pizza,3.3,156.0
Pizza Hut,3.6,112.0
Dunkin',3.2,352.0
Peppe's Apt 2,4.8,315.0
Sonic Drive-In,3.8,970.0
Five Guys,4.3,1117.0
Chili's Grill & Bar,4.1,1210.0
The Daily Bread Bakery & Cafe,4.5,484.0
Kirkwood Deli and Convenience,4.4,117.0
Racanelli’s New York Pizzeria,4.0,370.0
Smoothie King,3.7,100.0
Sapore Italian Cafe,4.5,162.0
Andy's Frozen Custard,4.6,1120.0
PJ's Tavern,4.5,494.0
MOD Pizza,4.5,750.0
Jimmy John's,3.6,121.0
Crushed Red- Kirkwood,4.3,681.0
Strange Donuts,4.2,282.0
Sunset 44 Bistro & Banquet,4.7,198.0
Blues Fired Pizza,4.7,441.0
Raising Cane's Chicken Fingers,4.3,984.0
Panda Chinese Restaurant,4.3,171.0
Starbucks,4.2,260.0
Domino's Pizza,3.2,132.0
On The Run,3.5,13.0
Nathaniel Reid Bakery,4.8,584.0
Cafe Provencal,4.6,308.0
China King,3.7,120.0
Spencer's Grill,4.5,531.0
Taco Bell,3.1,464.0
Starbucks,4.2,485.0
McDonald's,3.2,996.0
Three Kings Public House,4.4,1368.0
QDOBA Mexican Eats,3.9,284.0
Which Wich Superior Sandwiches,4.0,162.0
Pretzel Boy's,4.6,194.0
Kirkwood Ice & Fuel Co,4.3,384.0
White Castle,4.1,830.0
612 Kitchen & Cocktails,4.3,312.0
Rush Bowls,3.9,51.0
Britt's Bakehouse: A Gluten-Free Bakery,4.9,159.0
Heaterz Hot Chicken,4.6,114.0
Wasabi Kirkwood,4.3,522.0
PokeDoke,4.2,81.0
Kirkwood Pop Co.,4.3,28.0
Honey Bee's Biscuits and Good Eats,4.5,118.0
Fleming’s Prime Steakhouse & Wine Bar,4.6,996.0
Oberweis Ice Cream and Dairy Store,4.7,537.0
Chick-fil-A,4.6,2160.0
Starbucks,4.2,460.0
Hacienda Mexican Restaurant,4.0,2233.0
Subway,3.6,60.0
BrickTop's,4.5,1085.0
Papa Johns Pizza,3.6,140.0
Dunkin',3.5,272.0
Brio Italian Grille,4.1,1583.0
Pizza Hut,3.6,112.0
Taco Bell,3.4,434.0
The Daily Bread Bakery & Cafe,4.5,484.0
St. Louis Bread Co.,3.9,462.0
On The Run,3.5,13.0
Nathaniel Reid Bakery,4.8,584.0
Domino's Pizza,3.2,132.0
Canyon Cafe,4.3,690.0
Kirkwood Deli and Convenience,4.4,117.0
Sugo's Spaghetteria,4.4,435.0
China King,3.7,120.0
Three Kings Public House,4.4,1368.0
King Doh Restaurant,4.2,214.0
Which Wich Superior Sandwiches,4.0,162.0
El indio Mexican Restaurant,4.4,661.0
The Honey Baked Ham Company,4.6,91.0
Mariposa,4.7,30.0
Zodiac,5.0,2.0
Pretzel Boy's,4.6,194.0
Chicken Out Kirkwood,4.2,180.0
"Oh Hey, Barbecue",4.3,14.0
Seoul Taco,4.0,56.0
Hungry Joe's from the Greek Kitchen in Schnucks,4.5,20.0
Pasta House Co.,4.0,48.0
Snarf's Sandwiches,,
Godfather's Pizza Express,,
Taco Buddha,4.5,78.0
Revel Kitchen,4.7,62.0
Vangel's Restaurant & Bar,4.6,78.0
Charcoal House,4.2,146.0
801 Local,4.4,126.0
Silver Pancake House,4.5,151.0
Uncle Julio's Frontenac,3.8,786.0
Koibito Poke - Warson Woods,,
Sunny Street Cafe,4.2,244.0
Chicken Scratch,4.4,34.0
Circle 7 Ranch,4.5,1429.0
Lion's Choice,4.1,472.0
Everbowl - Ladue,4.6,58.0
NASCAR Wings,,
Pardon My Cheesesteak,1.7,11.0
A'mis Pizza,4.5,484.0
Chuck's Hot Chicken,4.6,90.0
Himalayan Hut Restaurant (Authentic Indian & Nepali Food),4.2,327.0
Chef's Express at Schnucks,3.3,7.0
Neon Banana,4.4,18.0
Provinces,4.4,113.0
Picadeli,,
Kreis' Steakhouse & Bar,4.5,1172.0
Fleming’s Prime Steakhouse & Wine Bar,4.6,996.0
Starbucks,4.2,460.0
BrickTop's,4.5,1085.0
Lester's,4.4,999.0
Brio Italian Grille,4.1,1583.0
Sugo's Spaghetteria,4.4,435.0
Canyon Cafe,4.3,690.0
Shack Breakfast & Lunch,4.6,1524.0
Sportsmans Park Restaurant & Bar,4.5,478.0
Grassi's Ristorante & Deli,4.7,628.0
Mariposa,4.7,30.0
Zodiac,5.0,2.0
Chef's Express at Schnucks,3.3,7.0
Provinces,4.4,113.0
NASCAR Wings,,
Pardon My Cheesesteak,1.7,11.0
Picadeli,,
Neon Banana,4.4,18.0
Everbowl - Ladue,4.6,58.0
Uncle Julio's Frontenac,3.8,786.0
801 Local,4.4,126.0
569Dine,,
Maull's Barbecue Sauce,,
Olivette Lanes,4.5,1173.0
St. Louis Bread Co.,4.2,768.0
Noodles and Company,4.1,747.0
Subway,3.5,130.0
Starbucks,4.1,946.0
Pizza Hut,3.7,266.0
California Pizza Kitchen at Creve Coeur,4.1,722.0
Olivette Diner,4.6,883.0
Pei Wei Asian Kitchen,4.2,863.0
Domino's Pizza,3.5,181.0
Thai Nivas Cafe,4.3,450.0
Ms Piggies' Smokehouse,4.4,731.0
Einstein Bros Bagels,4.0,2.0
Chipotle Mexican Grill,3.4,978.0
O! Wing Plus,4.5,486.0
Kohn's Kosher Meat and Deli Restaurant,4.6,333.0
Taco Bell,3.5,1068.0
Subway,4.1,183.0
St. Louis Kolache,4.5,518.0
"The Caramel House, Saint Louis, Missouri",4.7,58.0
Icon Grills,,
Subway,4.1,125.0
On The Run,2.7,20.0
FroYo Frozen Yogurt- Olive,4.4,352.0
Pizza Hut,3.3,461.0
KFC,3.2,1030.0
Sonic Drive-In,2.9,1262.0
Nudo House Creve Coeur,4.6,1555.0
Wendy's,3.7,929.0
I Love Mr Sushi,4.4,500.0
Taqueria Durango,4.4,1079.0
McDonald's,3.7,1151.0
Imo's Pizza,3.9,263.0
Imo's Pizza,3.8,368.0
Crazy Bowls & Wraps - Curbside Pickup Available!,4.3,140.0
McDonald's,3.5,1196.0
Arby's,3.9,680.0
Panda Express,3.5,402.0
Seoul Garden,4.0,746.0
The Brothers Beer & Bourbon House Creve Coeur,4.6,26.0
Freddy's Frozen Custard & Steakburgers,4.4,1588.0
Olivette Station,5.0,7.0
Hj's Cafe,5.0,1.0
Tai Ke Shabu Shabu,4.6,856.0
The Kickin' Crab,4.2,361.0
Ruiz McDonald's,2.2,17.0
Rally's,3.4,1143.0
QuikTrip,3.3,49.0
Bbq,,
El Guanaco Taqueria & Pupuseria.,4.3,227.0
Popeyes Louisiana Kitchen,2.8,1124.0
Touch Down Wings,4.2,130.0
St. Louis Halal Meat,4.2,148.0
Dunkin',3.6,456.0
Las Palmas Mexican Restaurant,4.0,458.0
Fire Chicken,4.6,233.0
Suwallers Bar & Grill,4.7,980.0
Waffle House,4.1,256.0
Everbowl - Creve Coeur,4.8,25.0
Lulu Chinese Express,3.7,15.0
Syberg's Dorsett,4.4,4298.0
Drunken Fish - Westport Plaza,4.1,1108.0
Hooters,3.7,1788.0
India Palace,4.0,1482.0
Starbucks,4.3,538.0
Trainwreck Saloon Westport,4.2,1773.0
Kobe Steakhouse of Japan,4.3,1957.0
Subway,4.2,183.0
Spazio Westport,4.2,244.0
Subway,3.8,210.0
White Castle,3.8,1718.0
Wok Express,4.0,592.0
McDonald's,3.3,1011.0
Cecil Whittaker's Pizzeria,3.8,249.0
Subway,3.6,99.0
Denny's,3.9,1647.0
Papa Johns Pizza,3.4,318.0
Waffle House,4.2,1241.0
Midas Hospitality,4.5,21.0
"Bandana's Bar-B-Q Maryland Heights,",4.3,1307.0
St. Louis Bread Co.,4.0,807.0
QuikTrip,4.1,166.0
Starbucks,4.3,604.0
QDOBA Mexican Eats,3.9,546.0
Snarf's Sandwiches Maryland Heights,4.3,566.0
Off The Grill,3.8,321.0
The Bistro – Eat. Drink. Connect.®,3.5,2.0
Six Mile Bridge Brewery,4.6,316.0
Circle K,3.5,51.0
Fuzzy's Taco Shop,4.1,2171.0
O'Fallon Brewery,4.2,493.0
Westport Social,4.5,2954.0
Firehouse Subs Dorsett,4.4,617.0
Swagruha Indian Cuisine,3.6,675.0
Priyaa Indian Cuisine,3.8,429.0
Taco Bell,3.8,1155.0
Denny's,4.0,2276.0
Vivola Express,4.9,665.0
Scotti's Deli and Catering,4.7,98.0
Jimmy John's,3.6,246.0
Penn Station East Coast Subs,4.2,366.0
St. Louis Kolache,4.5,518.0
QuikTrip,3.6,51.0
Top Sushi,4.8,233.0
LA Taco Cantina,4.1,725.0
Chuck's Hot Chicken,4.4,482.0
Filipino Bakery Cafe & Market,4.8,165.0
Tony’s Donuts & Cafe,4.4,50.0
Broadway Restaurant Group,3.7,15.0
America's Diner,4.3,7.0
Wendy's,3.7,929.0
King Burrito,4.4,738.0
DD Mau Vietnamese Eatery,4.7,996.0
Jovick Brothers Deli,4.8,133.0
QuikTrip,3.3,49.0
La Tejana Taqueria,4.5,962.0
Suwallers Bar & Grill,4.7,980.0
El Carlitos Mexican Restaurant,4.7,86.0
Imo's Pizza,3.8,368.0
Hj's Cafe,5.0,1.0
Subway,3.6,141.0
Papa Johns Pizza,3.4,277.0
Red Lobster,3.9,2947.0
Penn Station East Coast Subs,4.0,401.0
Hotshots Sports Bar & Grill,4.0,1102.0
Kingpin Lanes & Brickhouse Pizza Company,4.5,623.0
Subway,3.7,245.0
Circle K,2.7,21.0
IHOP,4.1,2277.0
Foley's Fun and Drink,4.4,83.0
Popeyes Louisiana Kitchen,3.1,1515.0
Bridgeton,4.2,3565.0
Raising Cane's Chicken Fingers,4.2,1192.0
Circle K,3.5,52.0
Applebee's Grill + Bar,3.8,1388.0
Massa's Bridgeton,4.5,699.0
Final Destination Bar & Cafe,4.4,192.0
Dunkin',3.7,392.0
Acapulco Restaurant,4.1,676.0
Omar's Grill,4.1,703.0
Dairy Queen,4.2,934.0
US Food and Liquor,4.3,41.0
Captain D's,3.6,894.0
Chipotle Mexican Grill,3.8,1175.0
Wendy's,3.8,905.0
Imo's Pizza,4.3,555.0
Jack in the Box,3.1,1049.0
BS Bar & Grill,4.4,246.0
Steak 'n Shake,3.3,1375.0
Lee's Famous Recipe Chicken,3.9,889.0
China House,4.0,292.0
McDonald's,3.3,2339.0
Domino's Pizza,3.9,386.0
Lion's Choice,4.2,961.0
St. Louis Bread Co.,3.9,721.0
Sunrise Family Restaurant,4.1,973.0
QuikTrip,3.8,46.0
Burger King,3.5,1133.0
Imo's Pizza,3.8,563.0
Quik Wok,4.2,295.0
La Tejana Taqueria,4.5,962.0
Starbucks,4.2,871.0
Panda Chinese Restaurant,4.3,449.0
White Castle,3.6,1883.0
QuikTrip,3.5,50.0
Freddy's Frozen Custard & Steakburgers,3.9,707.0
PANDA,,
Panda Express,3.5,824.0
First Watch,4.5,1317.0
Jersey Mike's St. Ann,4.1,286.0
Cajun Seduction,4.5,70.0
Picadeli,,
Sabroso Cocina Mexicana,4.7,303.0
O'Hagen's Irish Pub,2.3,10.0
Bar Code & Grill,4.5,419.0
Taqueria El Chilango,4.5,111.0
Sulaiman's Cafe,4.9,133.0
Maaji's Street Kitchen,4.9,204.0
Rally's,4.1,418.0
Waffle House,4.1,471.0
Subway,3.2,96.0
St. Louis' Incredible Pizza Company,4.0,3891.0
Outback Steakhouse,4.1,2964.0
Sam's Steakhouse,4.4,968.0
Subway,4.0,82.0
Olive Garden Italian Restaurant,,
TGI Fridays,4.0,1455.0
Roberto's Trattoria,4.7,414.0
The Concord Grill,4.5,1310.0
Shogun Japanese Steakhouse Of South County,4.2,1337.0
ZEN Thai & Japanese Cuisine,4.6,979.0
Jersey Mike's Subs,4.2,547.0
Jimmy John's,3.9,102.0
54th Street Scratch Grill & Bar,4.0,1311.0
King Edwards,4.6,1339.0
Steak 'n Shake,3.4,1511.0
Joe Boccardi's,4.3,585.0
P'Sghetti's Pasta & Sandwiches,4.6,1134.0
Subway,3.3,85.0
Imo's Pizza,4.2,272.0
Applebee's Grill + Bar,4.1,1250.0
St. Louis Bread Co.,4.0,554.0
Hokkaido Seafood Buffet and Grill,4.0,2859.0
Waffle House,4.2,829.0
Circle K,3.2,23.0
Uncle Leo's Pizza,4.6,366.0
Joey B's Food & Drink Concord,4.3,1761.0
Bandana's Bar-B-Q Sunset Hills,4.4,1071.0
Starbucks,4.3,361.0
Domino's Pizza,3.8,158.0
The Barn,4.5,968.0
Starbucks,4.4,677.0
China King,3.9,133.0
Schottzie's Bar & Grill,4.3,874.0
San Jose Mexican Restaurant,4.5,1135.0
Soco's Gyros,4.7,577.0
Cold Stone Creamery,4.2,311.0
Holy Grounds Cafe,,
Trattoria Toscana,4.5,541.0
Hsu's Hunan Yu,4.5,88.0
Miss Sheri's Cafeteria,4.3,411.0
"Oh Hey, Barbecue",4.6,5.0
Seoul Taco,4.4,8.0
Picadeli,,
Yolklore,4.6,785.0
Sunset Conoco and Deli,,
Tami’s Dugout,4.1,61.0
Three Kings Public House,4.4,1344.0
Zaffiro's Express,,
Fitz's SoCo,4.4,1844.0
Dave's Diner,4.4,604.0
Apps all around,,
J's Pitaria,4.7,535.0
Freddy's Frozen Custard & Steakburgers,4.2,933.0
Taco Bell,3.2,165.0
Jersey Mike's Subs,3.0,2.0
Caracas,,
Glaciers Snow Cones Under The Sun Sno Shack,4.4,75.0
Picadeli,,
El Maguey Mexican Restaurant,4.4,648.0
Citizen Kane's Steak House,4.7,665.0
Bar Louie - Kirkwood,4.5,2468.0
Texas Roadhouse,4.3,3567.0
Billy G's Kirkwood,4.5,2803.0
Amigos Cantina,4.3,793.0
Subway,4.0,102.0
Imo's Pizza,4.3,340.0
Robust Bistro & Wine Bar,4.4,347.0
One 19 North Tapas Wine Bar,4.5,375.0
The Block Restaurant Webster Groves,4.5,204.0
Dewey's Pizza,4.7,1227.0
Chipotle Mexican Grill,3.2,1256.0
Mike Duffy's Pub & Grill Kirkwood,4.3,791.0
Rich & Charlie's Crestwood,4.4,1134.0
ZEN Thai & Japanese Cuisine,4.6,979.0
St. Louis Bread Co.,4.0,298.0
Buffalo Wild Wings,4.0,1035.0
First Watch,4.5,886.0
Great Harvest Bread Co. Kirkwood,4.7,213.0
Domino's Pizza,3.3,156.0
Jersey Mike's Subs,4.2,547.0
Steak 'n Shake,3.4,1511.0
King Edwards,4.6,1339.0
Oberweis Ice Cream and Dairy Store,4.7,537.0
Joe Boccardi's,4.3,585.0
Sonic Drive-In,3.8,970.0
Dunkin',3.2,352.0
The Barn,4.5,968.0
Chili's Grill & Bar,4.1,1210.0
Crushed Red- Kirkwood,4.3,681.0
Racanelli’s New York Pizzeria,4.0,370.0
Jimmy John's,3.6,121.0
MOD Pizza,4.5,750.0
Strange Donuts,4.2,282.0
Andy's Frozen Custard,4.6,1120.0
Sapore Italian Cafe,4.5,162.0
Smoothie King,3.7,100.0
Applebee's Grill + Bar,4.1,1250.0
PJ's Tavern,4.5,494.0
Sunset 44 Bistro & Banquet,4.7,198.0
Imo's Pizza,4.2,272.0
Panda Chinese Restaurant,4.3,171.0
Starbucks,4.2,260.0
Raising Cane's Chicken Fingers,4.3,984.0
Blues Fired Pizza,4.7,441.0
Jet's Pizza,4.2,251.0
Taco Bell,3.4,434.0
Cafe Provencal,4.6,308.0
Spencer's Grill,4.5,531.0
Culver’s,4.4,2161.0
China King,3.9,133.0
St. Louis Bread Co.,3.9,462.0
QuikTrip,3.5,42.0
Starbucks,4.3,361.0
The Clover and the Bee,4.6,614.0
Taco Bell,3.1,464.0
McDonald's,3.2,996.0
The Art of Entertaining,4.7,122.0
The Sushi Station,4.5,852.0
QDOBA Mexican Eats,3.9,284.0
Hacienda Mexican Restaurant,4.0,2233.0
Robust Bistro & Wine Bar,4.4,347.0
The Block Restaurant Webster Groves,4.5,204.0
Papa Johns Pizza,3.6,140.0
Subway,3.6,60.0
Wendy's,3.8,815.0
Frank Papa's Ristorante,4.7,360.0
Llywelyn's Pub,4.3,1243.0
Farotto's,4.5,970.0
St. Louis Bread Co.,4.0,298.0
Kolache Factory,4.6,689.0
Carl's Drive-In,4.6,855.0
Starbucks,4.3,485.0
Nachomama's,4.1,1131.0
Dunkin',3.5,272.0
St. Louis Bread Co.,3.7,735.0
Cyrano's Cafe,4.5,898.0
Joy Luck Chinese Buffet,3.9,2056.0
Popeyes Louisiana Kitchen,3.2,1301.0
Time For Dinner,4.8,203.0
Dewey's Pizza,4.7,830.0
Taco Bell,3.4,434.0
Trainwreck Saloon,4.4,833.0
To Go Sushi,4.7,142.0
On The Run,2.9,16.0
Katie's Pizza & Pasta – Rock Hill,4.5,1612.0
LuLu Chinese & Dim Sum,3.5,372.0
The Sushi Station,4.5,852.0
Jet's Pizza,4.2,251.0
The Clover and the Bee,4.6,614.0
On The Run,4.2,6.0
Crazy Bowls & Wraps - Now Offering Breakfast!,4.4,332.0
OB. Clark's,4.4,821.0
Market Cocina,,
Red Lobster,4.0,1714.0
Bonefish Grill,4.4,2715.0
El indio Mexican Restaurant,4.4,661.0
King Doh Restaurant,4.2,214.0
Starbucks,4.2,313.0
Domino's Pizza,3.5,137.0
Amighetti's,4.3,627.0
froYo Premium Frozen Yogurt,3.4,150.0
WOW Café,3.7,11.0
Charcoal House,4.2,146.0
Arby's,3.8,471.0
Hangar Kitchen + Bar,4.3,231.0
MoMo Coffee Champagne Kitchen,4.1,53.0
Smoothie King,3.6,124.0
Himalayan Hut Restaurant (Authentic Indian & Nepali Food),4.2,327.0
Chuck's Hot Chicken,4.6,90.0
A'mis Pizza,4.5,484.0
Picadeli,,
Brentwood Plaza,4.3,789.0
Chicken Scratch,4.4,34.0
Koibito Poke - Warson Woods,,
San José Mexican Restaurant,4.3,419.0
Layla,4.3,320.0
DD Mau Vietnamese Eatery,4.7,250.0
Silver Pancake House,4.5,151.0
The Parkmoor Drive-In,4.4,171.0
Lester's,4.4,999.0
Kreis' Steakhouse & Bar,4.5,1172.0
Fleming’s Prime Steakhouse & Wine Bar,4.6,996.0
Starbucks,4.2,460.0
Racquet Club Ladue,4.9,40.0
BrickTop's,4.5,1085.0
Truffles,4.7,285.0
Brio Italian Grille,4.1,1583.0
Sportsmans Park Restaurant & Bar,4.5,478.0
Sugo's Spaghetteria,4.4,435.0
Canyon Cafe,4.3,690.0
Shack Breakfast & Lunch,4.6,1524.0
Grassi's Ristorante & Deli,4.7,628.0
Deer Creek Coffee,4.3,278.0
Gourmet to Go,4.5,24.0
Companion-Ladue,4.3,204.0
Chef's Express at Schnucks,3.3,7.0
Mariposa,4.7,30.0
Zodiac,5.0,2.0
Ladue Taco,4.7,31.0
Maull's Barbecue Sauce,,
569Dine,,
Truffles Butchery,4.5,27.0
Neon Banana,4.4,18.0
Picadeli,,
Everbowl - Ladue,4.6,58.0
Provinces,4.4,113.0
NASCAR Wings,,
Pardon My Cheesesteak,1.7,11.0
Uncle Julio's Frontenac,3.8,786.0
801 Local,4.4,126.0
Lu Lu Seafood & Dim Sum,4.1,1220.0
Sugarfire Smoke House,4.5,4054.0
House of India,4.2,959.0
Asian Kitchen Korean Cuisine,4.3,479.0
Olivette Lanes,4.5,1173.0
Haveli Indian Restaurant,4.2,1009.0
Subway,3.9,98.0
Papa Johns Pizza,3.6,279.0
Royal Chinese BBQ,3.8,235.0
Fallon's Bar & Grill,4.5,763.0
The Original Pancake House Ladue,4.6,2031.0
The Pasta House Co.,4.1,668.0
La Pizza,4.7,632.0
Olivette Diner,4.6,883.0
Domino's Pizza,3.5,181.0
Wendy's,3.7,1827.0
Frida's and Bonito Bar,4.4,557.0
McDonald's,3.6,1083.0
The Woman's Exchange of Saint Louis,4.1,34.0
The Honey Baked Ham Company,4.3,95.0
Dewey's Pizza,4.7,1108.0
O! Wing Plus,4.5,486.0
Imo's Pizza,4.0,281.0
Subway,3.3,29.0
Chevys,4.2,3029.0
Pizza Hut,3.3,461.0
On The Run,2.7,20.0
QuikTrip,3.6,45.0
Circle @ Crown Cafe,4.7,21.0
McDonald's,3.4,1515.0
On The Run,2.9,11.0
Subway,4.1,183.0
"The Caramel House, Saint Louis, Missouri",4.7,58.0
Elmo's Love Lounge,4.1,877.0
Lam's Garden,4.3,366.0
Jimmy John's,2.8,130.0
Wingstop,3.5,647.0
Chong Wah Restaurant,4.3,400.0
Imo's Pizza,3.9,327.0
McDonald's,3.7,1151.0
I Love Mr Sushi,4.4,500.0
Burger King,3.5,1338.0
Starbucks,4.2,524.0
Frank & Helen's Pizzeria,4.5,760.0
Woofies Hot Dogs,4.5,946.0
Taco Bell,3.5,698.0
China King,4.1,216.0
J. McGraugh's Bar & Grill,4.5,194.0
Circle K,1.9,26.0
Church's Texas Chicken,3.5,940.0
Three of A Kind Bar & Grill,4.4,589.0
QuikTrip,3.3,34.0
Chef's Express At Schnucks,4.3,55.0
Las Palmas Mexican Restaurant,4.0,458.0
K C Chinese Rotisserie Restaurant,4.4,38.0
Chipotle Mexican Grill,,
Panera Bread,4.6,5.0
Raising Cane's Chicken Fingers,3.3,18.0
Two Thumbs Up Restaurant,,
Irie Eats Jamaican Restaurant,4.3,278.0
Haveli Indian Restaurant,4.2,1009.0
Subway,3.5,130.0
Little Caesars Pizza,3.5,622.0
Nick & Elena's Pizzeria,4.4,932.0
O! Wing Plus,4.5,486.0
Pizza Hut,3.5,495.0
Ms Piggies' Smokehouse,4.4,731.0
Pizza Hut,3.3,461.0
Denny's,3.9,1647.0
Taco Bell,3.5,1068.0
Taco Bell,3.4,1393.0
Chuck-A-Burger Drive-In Restaurant,4.6,2150.0
Papa Johns Pizza,3.4,277.0
US Food and Liquor,4.3,41.0
Sonic Drive-In,2.9,1262.0
KFC,3.2,1030.0
Icon Grills,,
Big Jays Chicken And Shrimp,4.3,674.0
Penn Station East Coast Subs,4.0,401.0
Acapulco Restaurant,4.1,676.0
Omar's Grill,4.1,703.0
Taqueria Durango,4.4,1079.0
On The Run,2.9,11.0
China Moon,3.8,211.0
QuikTrip,3.6,45.0
Applebee's Grill + Bar,3.9,1367.0
Wendy's,3.7,929.0
Imo's Pizza,3.8,368.0
St. Louis Kolache,4.5,518.0
Imo's Pizza,3.8,563.0
McDonald's,3.5,1196.0
Chimi's Fresh-Mex,4.4,1570.0
Domino's Pizza,3.9,361.0
Las Palmas Mexican Restaurant,4.0,458.0
Arby's,3.9,680.0
Rally's,3.4,1143.0
QuikTrip,3.3,49.0
House of Chen,4.2,238.0
Wingstop,3.5,647.0
Woofies Hot Dogs,4.5,946.0
Suwallers Bar & Grill,4.7,980.0
QuikTrip,4.0,61.0
Wok and Roll STL,,
The Req Room Bar and Bistro,4.6,245.0
Old Town Subs,4.6,138.0
Old time subs,,
Waffle House,4.1,256.0
El Tenampa Mexican Restaurant y Tienda,4.0,276.0
Crab N Go,4.3,135.0
Dunkin',3.6,456.0
Fire Chicken,4.6,233.0
El Mexiquense Wood Grill Cuisine,4.1,382.0
St. Louis Halal Meat,4.2,148.0
Touch Down Wings,4.2,130.0
Popeyes Louisiana Kitchen,2.8,1124.0
Stl On The Rocks Bar & Grill,4.5,196.0
Sides of Seoul (SOS) Korean Take-Out,4.8,312.0
El Guanaco Taqueria & Pupuseria.,4.3,227.0
Bbq,,
King Grill,3.9,150.0
Waffle House,4.2,1431.0
Subway,4.2,509.0
Underground Burger Bar,3.6,105.0
Lombardo's Family of Restaurants,4.1,560.0
Papa Johns Pizza,3.4,277.0
Pizza Hut,3.5,495.0
Penn Station East Coast Subs,4.0,401.0
Little Caesars Pizza,3.5,622.0
Chuck-A-Burger Drive-In Restaurant,4.6,2150.0
Golden Pancake Restaurant,4.2,2204.0
Taco Bell,3.4,1393.0
Domino's Pizza,2.9,399.0
Nick & Elena's Pizzeria,4.4,932.0
"Bandana's Bar-B-Q St Ann, MO",4.4,1504.0
Acapulco Restaurant,4.1,676.0
Chili's Grill & Bar,3.4,1307.0
"Jamba STL - St. Louis Airport, C23",3.5,58.0
Great Wraps,3.4,84.0
Burger King,2.8,290.0
The Pasta House Co.,3.4,355.0
Auntie Anne's- Lambert International Airport,1.7,38.0
Bagel Bakery,3.7,185.0
Subway,3.7,245.0
Pizza Studio,3.9,69.0
Grounded,3.0,150.0
Dunkin',3.3,240.0
Big Jays Chicken And Shrimp,4.3,674.0
White Castle,3.6,2906.0
Omar's Grill,4.1,703.0
Foley's Fun and Drink,4.4,83.0
Circle K,3.5,52.0
Steak 'n Shake,3.5,2242.0
Final Destination Bar & Cafe,4.4,192.0
Dairy Queen,4.2,934.0
Applebee's Grill + Bar,3.9,1367.0
Imo's Pizza,3.8,563.0
Captain D's,3.6,894.0
BS Bar & Grill,4.4,246.0
Raising Cane's Chicken Fingers,4.2,1192.0
Rally's,3.7,1263.0
China Moon,3.8,211.0
Lee's Famous Recipe Chicken,3.9,889.0
House of Chen,4.2,238.0
McDonald's,3.3,2339.0
Jack in the Box,3.0,1164.0
Burger King,3.5,1133.0
Church's Texas Chicken,3.2,1042.0
Quik Wok,4.2,295.0
Panda Chinese Restaurant,4.3,449.0
Dairy Queen Grill & Chill,4.0,906.0
"Biscuit, Beer, and Bbq",4.0,8.0
Three Kings Public House,3.8,398.0
Casa de Tres Reyes,4.0,4.0
The Blue Note,2.6,182.0
Eighteen-76,2.8,48.0
California Pizza Kitchen,2.1,46.0
Kingside Diner,4.3,20.0
Eighteen 76,2.7,22.0
Budweiser 1876,1.0,1.0
Dunkin',2.0,11.0
Fortel's Pizza Den,4.3,924.0
Sam's Steakhouse,4.4,968.0
Papa Johns Pizza,3.6,160.0
Subway,3.3,85.0
Subway,3.6,342.0
The Pasta House Co.,4.3,1223.0
Syberg's Gravois,4.5,1817.0
St. Louis Bread Co.,4.0,554.0
Circle K,3.5,36.0
Jimmy John's,3.7,227.0
Starbucks,4.4,677.0
Weber's 8713 Grill & Tap,4.4,501.0
Circle K,3.2,23.0
Circle K,3.4,42.0
Las Fuentes Mexican Restaurant,4.3,1237.0
A Taste of China,4.2,238.0
Breakfast and Burgers,4.5,1615.0
St Louis Pizza & Wings,3.5,212.0
Dairy Queen,4.1,712.0
Domino's Pizza,3.7,378.0
Pizza Hut,3.9,268.0
Courtesy Diner,4.5,1757.0
Holy Grounds Cafe,,
Bommaritos Pizzeria,4.6,195.0
QuikTrip,4.5,44.0
Affton Diner,4.1,542.0
The Clubhouse Bar & Grill,4.4,391.0
Popeyes Louisiana Kitchen,3.3,1364.0
Ambrosia Restaurant & Bar,4.3,83.0
Bar Roma,4.8,39.0
Imo's Pizza,4.3,290.0
Lorenzo's tacos & burritos,3.0,2.0
La colombianita food truck,5.0,8.0
9 Mile Garden,4.6,973.0
Randy James Inc.,5.0,2.0
Kassebaum Restaurants Inc,,
Smoothie King,3.8,36.0
Picadeli,,
Affton Pizza Company,4.8,216.0
Tacos Wey & Grill,4.5,284.0
Rancher's Roast Beef Sandwitches,,
(Herbalife Cafe) Fired-Up Nutrition,4.4,37.0
Sushi Hana,4.8,385.0
Jack in the Box,3.3,708.0
Social Bar & Grill,4.3,1024.0
QuikTrip,3.6,36.0
Sno-to-Go,4.8,56.0
Sedara Sweets & Ice Cream,4.8,329.0
St. Louis Pizza & Wings Affton,4.3,99.0
China Garden,3.2,61.0
Mike's Italian Beef,4.1,304.0
QuikTrip,3.9,58.0
Taco Bell,3.0,1424.0
Sharpshooter's Pit and Grill,4.7,454.0
China Wok,4.2,349.0
Jack in the Box,3.0,1287.0
Cyrano's Cafe,4.5,898.0
Subway,4.0,82.0
Fuzzy's Taco Shop,4.1,1926.0
Big Sky Cafe,4.6,521.0
Subway,3.4,56.0
The Block Restaurant Webster Groves,4.5,204.0
Weber's Front Row,4.2,593.0
Fortel's Pizza Den,4.3,924.0
Imo's Pizza,4.4,295.0
Robust Bistro & Wine Bar,4.4,347.0
Llywelyn's Pub,4.3,1243.0
St. Louis Bread Co.,4.0,298.0
Jersey Mike's Subs,4.2,547.0
McDonald's,3.2,753.0
Taco Bell,2.6,795.0
Joe Boccardi's,4.3,585.0
Steak 'n Shake,3.4,1511.0
King Edwards,4.6,1339.0
Dewey's Pizza,4.7,830.0
Starbucks,4.5,237.0
Papa Johns Pizza,3.7,139.0
WOW Café,3.7,11.0
HotShots Sports Bar & Grill,4.0,709.0
Courtesy Diner,4.5,1757.0
Subway,2.1,30.0
Racanelli's New York Pizzeria,4.1,324.0
The Clover and the Bee,4.6,614.0
The Sushi Station,4.5,852.0
Jet's Pizza,4.2,251.0
Las Fuentes Mexican Restaurant,4.3,1237.0
Domino's Pizza,3.8,158.0
Jack in the Box,3.3,708.0
Webster Garden Vietnamese & Chinese Restaurant,4.2,190.0
El Maguey,4.4,811.0
QuikTrip,3.9,58.0
Dvin Restaurant,3.4,29.0
Einstein Bros. Bagels,4.1,232.0
The Art of Entertaining,4.7,122.0
Penn Station East Coast Subs,4.0,242.0
McDonald's,3.1,1137.0
Boardwalk Cafe,4.5,510.0
froYo Premium Frozen Yogurt,3.4,150.0
Pizza World,4.6,281.0
Glaciers Snow Cones Under The Sun Sno Shack,4.4,75.0
Zushi Sushi and Ramen,4.5,341.0
Jimmy John's,3.7,112.0
Wingstop,3.1,121.0
Krab Kingz Seafood,4.5,782.0
Picadeli,,
Goodcents,4.5,15.0
Guerrilla Street Food,4.5,90.0
Marletto's Marketplace,3.9,10.0
Hwy 61 Roadhouse,4.6,821.0
MeYou,4.9,107.0
Chiang Mai,4.4,173.0
Cravings Restaurant,4.4,18.0
Frisco Barroom,4.4,806.0
Balkan Treat Box,4.9,976.0
Dairy Queen Grill & Chill,3.8,633.0
Golden Oak Pancake House - St. Louis,4.2,218.0
Buffalo Wild Wings,3.5,2033.0
The Post Sports Bar & Grill - Maplewood,4.4,1165.0
Boogaloo,4.3,1140.0
Southwest Diner,4.7,1834.0
Mai Lee,4.5,2370.0
Farmhaus Restaurant,4.7,348.0
Olympia Kebob House and Taverna,4.4,1753.0
Trattoria Marcella,4.7,906.0
Cyrano's Cafe,4.5,898.0
Subway,3.8,184.0
Acero,4.8,476.0
Imo's Pizza,4.1,354.0
King & I Thai Cuisine,4.2,954.0
Subway,3.5,144.0
Michael's Bar & Grill,4.6,1979.0
Imo's Pizza,4.4,295.0
Weber's Front Row,4.2,593.0
Subway,3.4,56.0
LoRusso's Cucina,4.7,457.0
Pizza Hut,3.5,316.0
Frank Papa's Ristorante,4.7,360.0
Joy Luck Chinese Buffet,3.9,2056.0
McDonald's,3.3,2198.0
Big Sky Cafe,4.6,521.0
Kolache Factory,4.6,689.0
Aya Sofia Restaurant,4.4,589.0
Popeyes Louisiana Kitchen,3.2,1301.0
Twin Oak Wood Fired Pizza & BBQ,4.1,889.0
Mike Duffy's Pub & Grill Richmond Heights,4.3,516.0
Starbucks,4.3,485.0
Failoni's Restaurant,4.7,585.0
McDonald's,3.2,753.0
Red Lobster,4.0,1714.0
Lion's Choice,4.2,1012.0
The Crow's Nest,4.6,1150.0
Time For Dinner,4.8,203.0
Cecil Whittaker's,4.2,153.0
Starbucks,4.3,448.0
Carl's Drive-In,4.6,855.0
The Piccadilly at Manhattan,4.6,813.0
Subway,3.5,85.0
Pizza-A-Go-Go,4.7,492.0
St. Louis Bread Co.,3.7,735.0
Starbucks,4.5,237.0
Jimmy John's,3.5,205.0
Raising Cane's Chicken Fingers,4.4,1321.0
Boardwalk Waffles & Ice Cream,4.7,720.0
Tapped Social House,4.5,493.0
Schlafly Bottleworks,4.4,980.0
Flavor 360,4.8,26.0
Circle K,3.5,39.0
El Potro Restaurant,4.5,241.0
Cham Bakery,4.1,74.0
Vinnie's Italian Beef & Gyros,4.7,493.0
Dunkin',3.5,498.0
Wingstop,3.6,488.0
QuikTrip,4.0,90.0
Pan D'Olive,4.6,618.0
Chipotle Mexican Grill,3.9,1035.0
Panda Express,3.7,1073.0
Maggiano's Little Italy,4.5,4441.0
The Cheesecake Factory,4.1,5540.0
Cafe Napoli,4.5,840.0
Mai Lee,4.5,2370.0
Chipotle Mexican Grill,3.4,498.0
Buffalo Wild Wings,3.5,2033.0
Tropicana Lanes,4.1,1567.0
Tony's,4.4,453.0
City Coffee & Creperie,4.6,1100.0
Subway,3.2,71.0
Barcelona Tapas Restaurant,4.2,624.0
House of India,4.2,959.0
Wasabi Sushi Bar Clayton,4.0,306.0
Subway,3.5,144.0
Yen Ching,4.2,301.0
King & I Thai Cuisine,4.2,954.0
Subway,3.3,29.0
Crushed Red- Clayton,4.3,754.0
The Crossing,4.7,391.0
Pastaria,4.4,1378.0
The Original Pancake House Ladue,4.6,2031.0
Truffles,4.7,285.0
House Of Wong,4.0,224.0
Frank Papa's Ristorante,4.7,360.0
Half & Half,4.3,1092.0
The Pasta House Co.,4.1,668.0
Subway,3.8,184.0
Frida's and Bonito Bar,4.4,557.0
McDonald's,3.3,2198.0
Mike Duffy's Pub & Grill Richmond Heights,4.3,516.0
Dewey's Pizza,4.7,1108.0
Almonds Restaurant,4.4,92.0
IHOP,4.0,2373.0
St. Louis Bread Co.,3.7,735.0
Imo's Pizza,4.0,281.0
Winslow's Table,4.4,945.0
Oceano Bistro,4.5,859.0
Blue Elephant Royal Thai Cuisine,4.1,220.0
Plaza Grill Restaurant,4.4,136.0
The Woman's Exchange of Saint Louis,4.1,34.0
California Pizza Kitchen at St. Louis,4.1,611.0
Starbucks,4.3,383.0
Twin Oak Wood Fired Pizza & BBQ,4.1,889.0
La Pizza,4.7,632.0
PANDA EXPRESS,3.7,211.0
Starbucks,4.3,485.0
5 Star Burgers,4.6,1161.0
The Lobby Lounge,4.7,29.0
Lion's Choice,4.2,1012.0
Cafe Manhattan,4.5,512.0
Domino's Pizza,3.5,256.0
Protzel's Delicatessen,4.7,299.0
St. Louis Bread Co.,3.7,1293.0
Jimmy John's,3.5,205.0
Coma Coffee Roasters,4.3,506.0
St. Louis Bread Co.,4.1,424.0
Cafe Bistro,4.4,54.0
Peno Soul Food,4.5,292.0
The Capital Grille,4.7,1109.0
Louie's Wine Dive & Clayton Kitchen,4.5,557.0
Blueberry Hill,4.3,3123.0
Lu Lu Seafood & Dim Sum,4.1,1220.0
Fitz's Delmar,4.5,5174.0
Cafe Napoli,4.5,840.0
Winslow's Table,4.4,945.0
Subway,3.9,98.0
Chipotle Mexican Grill,3.4,498.0
Ranoush,4.3,929.0
Frida's and Bonito Bar,4.4,557.0
Papa Johns Pizza,3.6,279.0
Asian Kitchen Korean Cuisine,4.3,479.0
Dewey's Pizza,4.7,1108.0
Starbucks,4.1,513.0
Imo's Pizza,4.0,407.0
Tony's,4.4,453.0
Barcelona Tapas Restaurant,4.2,624.0
Mission Taco Joint - Delmar Loop,4.3,2332.0
Domino's Pizza,3.5,256.0
Domino's Pizza,3.5,368.0
City Coffee & Creperie,4.6,1100.0
Subway,3.2,71.0
Wasabi Sushi Bar Clayton,4.0,306.0
House Of Wong,4.0,224.0
Crushed Red- Clayton,4.3,754.0
Royal Chinese BBQ,3.8,235.0
Mi Ranchito,4.6,3183.0
Pastaria,4.4,1378.0
McDonald's,3.6,1083.0
La Pizza,4.7,632.0
The Crossing,4.7,391.0
Nobu's,4.5,275.0
Half & Half,4.3,1092.0
El Maguey Mexican Restaurant,3.5,409.0
Almonds Restaurant,4.4,92.0
Seoul Taco,4.5,1892.0
Oceano Bistro,4.5,859.0
Starbucks,4.3,383.0
Three Kings Public House,4.5,1672.0
Blue Elephant Royal Thai Cuisine,4.1,220.0
Gyro Grill,4.5,324.0
Miami Grill,4.3,975.0
Circle K,1.9,26.0
The Lobby Lounge,4.7,29.0
Elmo's Love Lounge,4.1,877.0
5 Star Burgers,4.6,1161.0
Starbucks,4.2,524.0
Taco Buddha,4.7,711.0
Which Wich Superior Sandwiches,4.3,174.0
Popeyes Louisiana Kitchen,2.9,1183.0
Smokehouse BBQ,4.2,296.0
Chong Fah Restaurant,4.0,171.0
Blue Ocean Restaurant,4.4,1009.0
Lam's Garden,4.3,366.0
Chong Wah Restaurant,4.3,400.0
White Castle,3.8,1381.0
Jack in the Box,3.3,695.0
Cantina Laredo Clayton,4.1,681.0
801 Chophouse,4.6,1073.0
Hon's Wok III,3.8,269.0
Frank & Helen's Pizzeria,4.5,760.0
Little Caesars Pizza,3.5,622.0
Chuck-A-Burger Drive-In Restaurant,4.6,2150.0
Nick & Elena's Pizzeria,4.4,932.0
Imo's Pizza,3.8,297.0
Wendy's,3.7,1827.0
White Castle,3.6,2906.0
China Moon,3.8,211.0
Domino's Pizza,2.9,399.0
Pizza Hut,3.5,495.0
El Comal,4.1,479.0
McDonald's,3.4,2385.0
Applebee's Grill + Bar,3.9,1367.0
Saint Louis Kitchen (St Louis Kitchen on Natural Bridge),3.8,341.0
McDonald's,3.4,1515.0
On The Run,2.9,11.0
QuikTrip,3.6,45.0
Wingstop,3.5,647.0
Steak 'n Shake,3.5,2242.0
Chimi's Fresh-Mex,4.4,1570.0
Chong Fah Restaurant,4.0,171.0
Burger King,3.5,1338.0
Domino's Pizza,3.9,361.0
QuikTrip,3.8,54.0
QuikTrip,3.8,60.0
Big Jays Chicken And Shrimp,4.3,674.0
Mi Hungry BBQ & Jamaican Cuisine,3.7,785.0
Woofies Hot Dogs,4.5,946.0
Dairy Queen Grill & Chill,4.0,906.0
QuikTrip,3.3,34.0
Big L Chop Suey,4.2,380.0
On The Run,3.0,21.0
QuikTrip,4.0,61.0
Young's Chinese Restaurant,3.9,92.0
BACKING BLACKS ST LOUIS KITCHEN/BAR,4.4,22.0
smile,,
After Hours Bar and Grill,4.3,73.0
Quick Shop Market,4.7,32.0
George's Diner,4.5,307.0
Dixon's BBQ,4.2,158.0
Kitchen 95,5.0,23.0
King Grill,3.9,150.0
OT's Bar,4.2,54.0
Three of A Kind Bar & Grill,4.4,589.0
El Mexiquense Wood Grill Cuisine,4.1,382.0
The Energy Hub,5.0,10.0
Dinner@Londas,4.5,13.0
Church's Texas Chicken,3.5,940.0
Rudii Bee's Snack Shop,4.5,22.0
Rudii Bee's Snack Shop,5.0,2.0
Abelardo's Mexican Fresh St. Louis,4.1,177.0
The Req Room Bar and Bistro,4.6,245.0
Juicy's,4.6,16.0
Captain D's,3.4,599.0
Restaurant Su Casita,4.2,31.0
Picadeli,,
Church's Texas Chicken,3.2,1042.0
Lilly Peez Diner,3.7,47.0
Rally's,3.7,1263.0
Sun Sing House,4.5,117.0
Raz Foods / STL Jewelry & Grillz,4.6,29.0
Ferguson Brewing Co.,4.6,1248.0
Waffle House,4.2,1431.0
Subway,4.3,240.0
Imo's Pizza,3.8,297.0
White Castle,3.6,2906.0
Domino's Pizza,2.9,399.0
Papa Johns Pizza,2.3,574.0
Mimi's Subway Bar and Grill,4.5,342.0
Vincenzos,4.5,387.0
Cathy's Kitchen,4.4,1281.0
Drake's Place Restaurant & BBQ Smokehouse,4.6,611.0
OL’ Henry Restaurant,4.1,801.0
Circle K,2.5,31.0
Little Caesars Pizza,3.9,763.0
Steak 'n Shake,3.5,2242.0
Bagel Bakery,3.7,185.0
Auntie Anne's- Lambert International Airport,1.7,38.0
Rally's,3.7,1263.0
Saint Louis Kitchen (St Louis Kitchen on Natural Bridge),3.8,341.0
Imo's Pizza,3.7,536.0
Burger King,2.8,290.0
Popeyes Louisiana Kitchen,3.0,1002.0
QuikTrip,3.8,54.0
Faraci Pizza,4.7,339.0
Chinese Express,4.2,518.0
Jack in the Box,3.0,1164.0
Church's Texas Chicken,3.2,1042.0
Young's Chinese Restaurant,3.9,92.0
Big L Chop Suey,4.2,380.0
Canton House Chop Suey,3.9,153.0
Great American Grill,4.4,12.0
Cousin Mini Market,5.0,1.0
Ofure Palace,4.5,247.0
Jody B',4.5,99.0
Lady T'z Soul Food Kitchen,,
Mandela Soul Food Cafe,4.1,206.0
Ferguson Chop Suey,4.3,263.0
King Of Soul,4.3,319.0
Red's The One And Only BBQ,4.3,1544.0
Just Chicken,4.2,165.0
Ella's Kitchen,4.4,14.0
Elicious Southern Style Breakfast and Brunch,4.2,412.0
Béni Exquisite Eats,3.2,34.0
Jaxel's Cafe,4.5,73.0
Super Wing,4.1,446.0
The Energy Hub,5.0,10.0
St. Louis Fish & Chicken Grill -FERGUSON,4.1,1208.0
Dinner@Londas,4.5,13.0
Pasta House/Schlafly Bar,3.2,196.0
Dunkin',2.0,11.0
Budweiser 1876,1.0,1.0
Eighteen 76,2.7,22.0
California Pizza Kitchen,2.1,46.0
The Blue Note,2.6,182.0
Burger King,3.2,1132.0
Subway,3.6,342.0
Little Caesars Pizza,3.8,745.0
Syberg's Gravois,4.5,1817.0
Monte Bello Pizzeria,4.5,575.0
Starbucks,4.0,517.0
The Gyro Company,4.8,1010.0
Pizza Hut,3.3,425.0
St Louis Pizza & Wings,3.5,212.0
Dairy Queen,4.1,712.0
The Haven,4.6,745.0
Friendly's Sports Bar - South County,4.1,180.0
McDonald's,3.1,2391.0
Mama Mel's Pizzeria,4.6,245.0
The River Des Peres Yacht Club Deli,4.5,303.0
Circle K,2.5,35.0
Kabul Express STL,4.9,281.0
The Great Food Exposition,3.7,151.0
Breakfast and Burgers,4.5,1615.0
China Garden on Gravois,4.3,197.0
The Pasta House Co.,4.3,1223.0
Papa Johns Pizza,3.3,435.0
Weber's 8713 Grill & Tap,4.4,501.0
Arber Cafe,4.9,97.0
Apollonia Mediterranean Greek Restaurant,4.5,819.0
Steak 'n Shake,3.2,525.0
China King,4.0,352.0
Domino's Pizza,3.7,378.0
Taco Bell,3.0,1424.0
Burger Brothers,3.7,51.0
Circle K,3.4,42.0
China Wok,4.2,349.0
China King,4.0,314.0
McDonald's,3.0,1530.0
QuikTrip,3.4,60.0
Fergie's Bar & Restaurant,4.6,577.0
Church's Texas Chicken,3.4,845.0
Jack in the Box,3.0,1287.0
QuikTrip,3.9,51.0
Bo Fung Chinese Kitchen,4.1,501.0
Imo's Pizza at Lemay and Bayless,4.2,114.0
Tuckers Bar & Grill,4.2,197.0
Stacked STL,4.7,3259.0
The Neighbor's Place,4.7,42.0
Wine Down Cafe (St. Louis),4.8,137.0
Riverside Diner,4.8,542.0
The Beerhouse,3.4,72.0
Sharpshooter's Pit and Grill,4.7,454.0
El Catrin,4.6,377.0
Asia Noodles,4.0,20.0
1904 Steak House,4.1,117.0
The Off Track Saloon,4.6,427.0
Bommaritos Pizzeria,4.6,195.0
Elicia's Pizza,3.8,155.0
hatch'd STL,4.7,430.0
Hummel's Pub,4.6,94.0
Sushi Hana,4.8,385.0
(Herbalife Cafe) Fired-Up Nutrition,4.4,37.0
Social Bar & Grill,4.3,1024.0
Nonna's,4.9,17.0
The Mack (Bar & Grill),4.5,581.0
Onesto Pizza & Trattoria,4.6,588.0
Trattoria Marcella,4.7,906.0
Fortel's Pizza Den,4.3,924.0
Aya Sofia Restaurant,4.4,589.0
Salvage Yard Bar and Grill,4.5,424.0
Russell's on Macklind,4.7,1274.0
Starbucks,4.3,448.0
Pizza Hut,4.1,387.0
Syberg's Gravois,4.5,1817.0
Pueblo Solis,4.3,575.0
Noodles and Company,4.2,596.0
The Gyro Company,4.8,1010.0
Taco Bell,2.6,795.0
Penn Station East Coast Subs,4.1,708.0
Dairy Queen Grill & Chill,4.2,895.0
Pizza Hut,3.3,425.0
Cecil Whittaker's,4.2,153.0
Imo's Pizza,4.0,228.0
China Garden on Gravois,4.3,197.0
Papa Johns Pizza,3.3,435.0
Subway,3.8,121.0
Salt + Smoke,4.5,1870.0
JJ Twig's Pizza & Pub,4.5,520.0
Dado's Cafe,4.4,570.0
Le Grand's Market and Catering,4.9,889.0
St. Louis Bread Co.,4.0,1227.0
St. Louis Pizza & Wings,4.3,668.0
IHOP,3.8,2059.0
El Maguey,4.4,811.0
Apollonia Mediterranean Greek Restaurant,4.5,819.0
Firehouse Subs Hampton Village,3.9,388.0
Pietro's,4.7,1447.0
The Pasta House Co.,4.3,1223.0
Las Fuentes Mexican Restaurant,4.3,1237.0
Subway,2.1,30.0
Arber Cafe,4.9,97.0
Breakfast and Burgers,4.5,1615.0
The Haven,4.6,745.0
Weber's 8713 Grill & Tap,4.4,501.0
Knead Bakehouse + Provisions,4.7,306.0
QDOBA Mexican Eats,3.9,648.0
Circle K,3.5,36.0
Cafe Nova,4.6,808.0
McDonald's,2.7,1506.0
Jimmy John's,3.6,205.0
Bo Fung Chinese Kitchen,4.1,501.0
Domino's Pizza,3.7,378.0
Arby's,3.8,839.0
Domino's Pizza,3.1,410.0
Lion's Choice,4.0,642.0
Biggie's Restaurant,4.5,1072.0
McDonald's,3.1,1137.0
Elicia's Pizza,3.8,155.0
QuikTrip,3.9,51.0
McDonald's,3.0,1530.0
Bono's Pizzeria,4.3,463.0
Lily's Mexican Restaurant,4.6,307.0
Pizzeria Tivoli,4.5,364.0
McDonald's,3.3,1787.0
Zia's on The Hill,4.6,3203.0
Cunetto House of Pasta,4.6,1659.0
Charlie Gitto's On the Hill,4.7,2317.0
Rigazzi's,4.2,2080.0
Anthonino's Taverna,4.6,2962.0
Favazza's on the Hill,4.5,2590.0
Uncle Bill's Pancakes,4.3,4279.0
Mama’s On The Hill,4.5,3140.0
Chris' Pancake & Dining,4.5,3221.0
O'Connell's Pub,4.5,1535.0
Nick's Pub,4.3,1108.0
Gioia's Deli,4.8,2100.0
Farmhaus Restaurant,4.7,348.0
Bartolino's Osteria,4.4,843.0
Southwest Diner,4.7,1834.0
LoRusso's Cucina,4.7,457.0
Gian-Tony's Ristorante,4.6,677.0
Guido's Pizzeria & Tapas,4.5,1977.0
Dominic's,4.5,329.0
Trattoria Marcella,4.7,906.0
Lorenzo's Trattoria,4.5,673.0
The Royale Food & Spirits,4.5,943.0
Ari's Restaurant & Bar,4.3,774.0
McDonald's,2.7,2253.0
Joey B's on the Hill,4.4,2204.0
Subway,4.0,285.0
Penn Station East Coast Subs,4.1,708.0
The Pasta House Catering Co.,4.8,16.0
Cecil Whittaker's,4.2,153.0
QuikTrip,3.2,61.0
Milo's Tavern,4.6,781.0
Failoni's Restaurant,4.7,585.0
Pizza-A-Go-Go,4.7,492.0
Alpha Brewing Company,4.5,328.0
Steak 'n Shake,3.4,3522.0
Bomber O'Brien's Sports Bar & Grill,4.3,457.0
Adriana's on the Hill,4.8,1070.0
Noodles and Company,4.2,596.0
Charlie's Market & Deli on the Hill,4.8,63.0
SOHA Bar and Grill,4.4,735.0
Adam's Smokehouse,4.8,860.0
QuikTrip,4.1,95.0
Wendy's,3.8,2054.0
On The Run,3.4,39.0
Knead Bakehouse + Provisions,4.7,306.0
Long John Silver's,3.8,958.0
Circle K,3.3,103.0
Amigo Joe's Mexican Restaurant and Cantina,4.2,1444.0
Vinnie's Italian Beef & Gyros,4.7,493.0
QuikTrip,3.7,33.0
Taco Bell,3.5,1250.0
Biggie's Restaurant,4.5,1072.0
Hardee’s,3.6,1178.0
Sonic Drive-In,3.2,1903.0
Burger King,3.5,838.0
China Dish,3.8,129.0
Courtesy Diner,4.3,2275.0
Elicia's Pizza,4.2,234.0
Firehouse Subs Hampton Village,3.9,388.0
El Paisano Mexican Restaurant,4.2,617.0
Seamus McDaniel's,4.5,1849.0
Blueberry Hill,4.3,3123.0
Fitz's Delmar,4.5,5174.0
Kaldi's Coffee on Skinker,4.5,854.0
Boathouse at Forest Park,4.4,2742.0
Olympia Kebob House and Taverna,4.4,1753.0
Imo's Pizza,4.2,2139.0
Basso,4.4,874.0
Mission Taco Joint - Delmar Loop,4.3,2332.0
Ranoush,4.3,929.0
Subway,3.2,152.0
Nick's Pub,4.3,1108.0
Mike Duffy's Pub & Grill Richmond Heights,4.3,516.0
Subway,4.0,285.0
Starbucks,4.1,513.0
Winslow's Table,4.4,945.0
Gokul Indian Restaurant,4.0,708.0
The Pat Connolly Tavern,4.5,833.0
Domino's Pizza,3.5,256.0
Nobu's,4.5,275.0
Jimmy John's,3.4,188.0
Tony's,4.4,453.0
Par Lounge,4.0,176.0
2Schae Eats (at Mack's!),4.6,318.0
McDonald's,2.7,2253.0
House Of Wong,4.0,224.0
Gyro Grill,4.5,324.0
Ibby's,3.8,50.0
El Maguey Mexican Restaurant,3.5,409.0
Steak 'n Shake,3.4,3522.0
Mi Ranchito,4.6,3183.0
The Highlands Golf & Tennis,4.4,217.0
Failoni's Restaurant,4.7,585.0
Imo's Pizza,4.0,407.0
Three Kings Public House,4.5,1672.0
St. Louis Bread Co.,3.7,1293.0
Courtesy Diner,4.3,2275.0
The Lobby Lounge,4.7,29.0
Seoul Taco,4.5,1892.0
Michael's Bar & Grill,4.6,1979.0
Chef's Express At Schnucks,4.2,5.0
Pointers Pizza,4.2,397.0
Louie,4.8,521.0
Seedz Café,4.7,604.0
Ruthie's Bar & Grill,4.3,16.0
Forest Park Golf Course,4.3,476.0
Panorama Restaurant,4.4,91.0
Snarf's Sandwiches Skinker,4.3,402.0
QDOBA Mexican Eats,3.9,651.0
Tamm Avenue Bar,4.6,584.0
Which Wich Superior Sandwiches,4.3,174.0
Ocean Grill,4.2,222.0
Pan D'Olive,4.6,618.0
Taco Bell,3.5,1250.0
Blue Ocean Restaurant,4.4,1009.0
Mac's Local Eats,4.6,1838.0
Protzel's Delicatessen,4.7,299.0
Circle K,3.3,103.0
Felix's Pizza Pub,4.5,1295.0
Eclipse Restaurant,3.7,151.0
Blueberry Hill,4.3,3123.0
Fitz's Delmar,4.5,5174.0
Mission Taco Joint - Delmar Loop,4.3,2332.0
Ranoush,4.3,929.0
Gokul Indian Restaurant,4.0,708.0
Nobu's,4.5,275.0
Starbucks,4.1,513.0
Gyro Grill,4.5,324.0
Mi Ranchito,4.6,3183.0
Imo's Pizza,4.0,407.0
2Schae Eats (at Mack's!),4.6,318.0
El Maguey Mexican Restaurant,3.5,409.0
Burger King,3.6,926.0
Three Kings Public House,4.5,1672.0
Chez Mathy Restaurant,2.8,4.0
Legacy Bar & Grill,4.5,438.0
Omars Food Shop,4.9,68.0
Fried Rice Kitchen,4.3,299.0
Eclipse Restaurant,3.7,151.0
Seoul Taco,4.5,1892.0
Blue Ocean Restaurant,4.4,1009.0
Miami Grill,4.3,975.0
Ocean Grill,4.2,222.0
Smokehouse BBQ,4.2,296.0
Taco Bell,3.5,1013.0
Fork & Stix,4.4,499.0
Thai Country Cafe,4.3,385.0
Domino's Pizza,2.7,403.0
Snarf's Sandwiches Skinker,4.3,402.0
Lee's Famous Recipe Chicken,3.9,707.0
Bada Bing Pizza & Wings,4.5,205.0
Popeyes Louisiana Kitchen,2.9,1183.0
Big Mamma Eatery & Banquet,4.1,10.0
Mom's Soul Food Kitchen & Catering,3.8,1051.0
Which Wich Superior Sandwiches,4.3,174.0
Imo's Pizza,3.6,539.0
St Louis Fish & Chicken &Grill,3.9,374.0
White Castle,3.8,1685.0
Kingsway Chop Suey,3.8,63.0
Al-Tarboush Deli,4.7,169.0
Yet Bun Chop Suey,4.4,432.0
Harvey's Chicago Style Red Heights,5.0,1.0
Wendy's,3.8,1582.0
Rich Friends Kitchen,5.0,10.0
Steak House,,
Kienlen Chop Suey,4.1,416.0
Pumpkins,,
Honey J's Snack Shop,4.7,97.0
Dr King Chop Suey,4.1,571.0
Host eatery &catering,4.0,1.0
KFC,3.4,917.0
Intimate creations catering,5.0,1.0
Bishop's Snack Shop,4.8,4.0
TYP’s Snack Shop,5.0,4.0
Harold's Chop Suey,4.3,414.0
Sweet Eats,4.0,1.0
Members Only STL Café,4.7,17.0
GLOBAL MART,4.7,48.0
King PRINCE BAR B QUE,4.1,444.0
The BBQ Shack,3.8,220.0
Einstein Bros. Bagels,3.1,37.0
Subway,3.9,150.0
Imo's Pizza,3.8,297.0
Oriental Chop Suey,4.2,544.0
Subway,4.3,17.0
WOW Café,3.3,6.0
Circle K,2.3,23.0
Provincial House Dining Hall,3.0,29.0
Lee's Famous Receipe Chicken,4.0,677.0
Wingstop,3.5,497.0
McDonald's,3.1,1244.0
Saint Louis Kitchen (St Louis Kitchen on Natural Bridge),3.8,341.0
Domino's Pizza,2.8,434.0
Penn Station East Coast Subs,3.9,470.0
Year of the Dragon,4.3,362.0
Church's Texas Chicken,3.3,1015.0
Imo's Pizza,3.6,373.0
Moon’s Treats,5.0,1.0
Pizza Hut Express,3.6,7.0
Motown Pit Stop,4.1,53.0
St.Louis Fish & Chicken Grill -NORTH OAKS PLAZA,4.1,243.0
Chop Suey Inn,4.0,69.0
Rudii Bee's Snack Shop,4.5,22.0
Rudii Bee's Snack Shop,5.0,2.0
Mrs. Sarah's Kitchen Carryout and Catering,4.0,25.0
Snacc Shacc,,
Quick Shop Market,4.7,32.0
Dinner@Londas,4.5,13.0
GLOBAL MART,4.7,48.0
Great American Grill,4.4,12.0
After Hours Bar and Grill,4.3,73.0
Big L Chop Suey,4.2,380.0
C&K Barbecue Restaurant,3.8,1319.0
Yang Cheng Chop Suey,4.3,56.0
The Energy Hub,5.0,10.0
B&I Eatery,4.1,61.0
QuikTrip,3.8,54.0
Fish House,4.4,60.0
Ferguson Brewing Co.,4.6,1248.0
Subway,4.3,240.0
Subway,3.3,63.0
Papa Johns Pizza,2.3,574.0
Roper's Ribs,4.1,469.0
China King,4.2,192.0
Subway,3.8,233.0
Sonic Drive-In,3.2,1225.0
New York Grill,4.0,816.0
Drake's Place Restaurant & BBQ Smokehouse,4.6,611.0
Circle K,2.5,31.0
Cathy's Kitchen,4.4,1281.0
Vincenzos,4.5,387.0
Mimi's Subway Bar and Grill,4.5,342.0
Circle K,2.3,23.0
Little Caesars Pizza,3.9,763.0
Mr Barbq,4.6,7.0
Wendy's,3.6,1244.0
Hunan Chop Suey Chinese Restaurant,4.2,925.0
China House,4.2,568.0
Faraci Pizza,4.7,339.0
Chinese Express,4.2,518.0
Northland Chop Suey,4.3,833.0
Taco Bell,3.5,1076.0
Burger King,3.1,653.0
Son Ja's Soul Food Carryout,3.9,345.0
Bro's Kitchen,4.5,11.0
Picadeli,,
Hawaiian Grill - Dellwood,4.8,72.0
Shell,3.4,18.0
TT's Q,,
Elicious Southern Style Breakfast and Brunch,4.2,412.0
God's House Of Bbq & Soul Food,4.0,1.0
Lee's Famous Recipe Chicken,3.8,51.0
Toshu's BoomNPickles,,
King Of Soul,4.3,319.0
Red's The One And Only BBQ,4.3,1544.0
Hawaiian Grill - Jennings,4.0,536.0
JJ Fish & Chicken Grill,4.0,306.0
Miss Sharas Kitchen,5.0,1.0
Popeyes Louisiana Kitchen,3.0,1002.0
Just Chicken,4.2,165.0
MID NITE CAFE,5.0,1.0
Ella's Kitchen,4.4,14.0
Super Wing,4.1,446.0
Ferguson Chop Suey,4.3,263.0
St. Louis Fish & Chicken Grill -FERGUSON,4.1,1208.0
Popeyes Louisiana Kitchen,2.8,1097.0
Imo's Pizza,3.7,536.0
Kowloon Chop Suey,4.2,132.0
The Gavel-STL,4.6,27.0
The Wild Rose Soul Food Restaurant and Market,3.7,10.0
Wing Shack,4.0,1.0
Burger King,3.2,1132.0
Little Caesars Pizza,3.8,745.0
Starbucks,4.0,517.0
Chimichanga's Mexican Restaurant,4.4,1447.0
Kabul Express STL,4.9,281.0
Circle K,2.5,35.0
The River Des Peres Yacht Club Deli,4.5,303.0
Monte Bello Pizzeria,4.5,575.0
The Great Food Exposition,3.7,151.0
Cecil Whittaker's Pizzeria,4.5,600.0
China King,4.0,314.0
Burger Brothers,3.7,51.0
L&S Breadway Café,,
Hummel's Pub,4.6,94.0
The Off Track Saloon,4.6,427.0
Caribbean Soul,4.6,5.0
Riverside Diner,4.8,542.0
Wine Down Cafe (St. Louis),4.8,137.0
Stacked STL,4.7,3259.0
The Neighbor's Place,4.7,42.0
Off Fifty Five Bar & Grill,4.6,90.0
Your Place Diner,4.7,143.0
Tuckers Bar & Grill,4.2,197.0
Chicken Seven,4.5,269.0
Normitas House (birria tacos),5.0,7.0
Grand Wok Chinese Kitchen,4.0,275.0
The Beerhouse,3.4,72.0
Jack in the Box,3.0,1098.0
Asia Noodles,4.0,20.0
1904 Steak House,4.1,117.0
Doggie Mac's,,
Royal Kebab Persian Cuisine,4.4,285.0
Casablanca Lounge,4.8,4.0
El gran taco,5.0,1.0
Das Bevo,4.1,717.0
The Mack (Bar & Grill),4.5,581.0
Subway,3.8,217.0
The Original Crusoe's Restaurant & Patrick McKeane's Pub,4.3,1234.0
Onesto Pizza & Trattoria,4.6,588.0
Chimichanga's Mexican Restaurant,4.4,1447.0
Bomber O'Brien's Sports Bar & Grill,4.3,457.0
Wendy's,3.6,1408.0
Pizza Hut,3.3,425.0
Friendly's Sports Bar & Grill,4.4,733.0
Russell's on Macklind,4.7,1274.0
Old St Louis Chop Suey,4.0,438.0
The Haven,4.6,745.0
Urban Eats,4.4,228.0
The Stellar Hog,4.7,706.0
Slackers Bar & Grill,3.9,17.0
Jonnys food mart,4.4,317.0
Palacios Mexican Restaurant,4.5,232.0
China Garden on Gravois,4.3,197.0
Steak 'n Shake,3.4,1406.0
Mr. X Pizza,4.4,299.0
Cecil Whittaker's Pizzeria,4.5,600.0
Papa Johns Pizza,3.3,435.0
Pepper's Bar & Grill,4.4,711.0
Truc Lam Restaurant,4.5,312.0
Starbucks,4.2,562.0
Cafe Nova,4.6,808.0
Apollonia Mediterranean Greek Restaurant,4.5,819.0
Imo's Pizza,4.1,675.0
Lily's Mexican Restaurant,4.6,307.0
McDonald's,3.3,1787.0
White Castle,3.7,1498.0
Domino's Pizza,2.8,716.0
Bo Fung Chinese Kitchen,4.1,501.0
QuikTrip,3.6,98.0
Grand Wok Chinese Kitchen,4.0,275.0
Jack in the Box,3.0,1098.0
Jack in the Box,3.6,1317.0
New China,4.2,341.0
Time Out Bar & Grill,3.9,365.0
Elicia's Pizza,3.8,155.0
Pizzeria Tivoli,4.5,364.0
Vegan Deli and Butcher,,
Caesar Supermarket,4.7,27.0
STL Brewhogs,5.0,1.0
City Fish & Chicken,4.3,20.0
Hollywood Restaurant Bar & Grill,4.0,7.0
Krajina Restaurant & Bar,4.8,69.0
Mariachi’s II Mexican Restaurant,4.6,1283.0
Majeed Mediterranean Restaurant,4.4,647.0
Tiny Chef,4.9,128.0
Zlatno Zito Bakery and Deli,4.7,294.0
Ehsani's Hot Kabob,4.7,96.0
Casa Tequila Inc. Mexican Restaurant,4.4,82.0
Los Chamos,,
Mix Grill & Wings Halal,4.5,136.0
Doña Gloria,4.5,66.0
Royal Kebab Persian Cuisine,4.4,285.0
Casablanca Lounge,4.8,4.0
Under The Sun Sno Cones Shack,4.6,51.0
The Shaved Duck Smokehouse,4.5,2686.0
Hartford Coffee Company,4.5,825.0
Blackthorn Pub and Pizza,4.4,1116.0
Blues City Deli,4.9,2281.0
Hodak's Restaurant & Bar,4.5,5174.0
SweetArt,4.7,1213.0
QDOBA Mexican Eats,3.9,697.0
Yemanja Brasil Restaurant,4.7,382.0
McDonald's,2.8,2927.0
Domino's Pizza,2.8,667.0
White Castle,3.9,1773.0
Tree House Restaurant,4.6,1012.0
Meskerem Ethiopian Restaurant,4.6,1064.0
LemonGrass Restaurant,3.8,405.0
Friendly's Sports Bar & Grill,4.4,733.0
HandleBar,4.5,792.0
The Gelateria Coffee Company,4.6,676.0
Wendy's,3.6,1408.0
Cafe Mochi,4.4,1414.0
The Vine Cafe and Market,4.4,1524.0
Wingstop,3.6,463.0
Taco Bell,3.4,1458.0
Captain D's,3.5,836.0
OLIO,4.5,966.0
Alpha Brewing Company,4.5,328.0
ELAIA,4.4,116.0
Subway,3.6,320.0
Starbucks,4.2,832.0
Ices Plain & Fancy,4.7,1336.0
Crafted.,4.4,593.0
Brasilia Bar & Restaurant,4.6,657.0
Sheesh,4.3,837.0
The Choice Restaurant,3.9,436.0
Lona's Lil Eats,4.8,1447.0
Sassafras,4.4,387.0
Nixta,4.3,464.0
San Loo,4.7,119.0
Milque Toast Bar,4.6,376.0
Truc Lam Restaurant,4.5,312.0
Subway,3.8,340.0
Fritanga Nicaraguan Cuisine,4.7,874.0
Kevin's Place,4.3,226.0
Don Carlos Restaurant,4.3,139.0
egg,4.6,1266.0
QuikTrip,3.7,54.0
Rally's,3.2,1633.0
Jack in the Box,3.1,1362.0
Diner's Delight,4.4,976.0
Elicia's Pizza,3.3,317.0
Parma Grill & Tap,5.0,3.0
Yaquis on Cherokee,4.5,477.0
QuikTrip,3.3,100.0
Imo's Pizza,4.1,311.0
Hong Kong Express,4.2,376.0
Wei Hong Bakery,4.3,308.0
Tower Pub,4.6,430.0
The B-Side,4.5,266.0
KFC,3.5,764.0
Aspen Spas: BBQ Grills & Smokers,5.0,1.0
New China,4.3,700.0
Drunken Fish - Central West End,4.0,1227.0
Everest Cafe & Bar,4.6,752.0
Pi Pizzeria - Central West End,4.3,1482.0
Starbucks,4.3,452.0
Bar Italia,4.3,453.0
Subway,3.7,183.0
Dressel's Pub,4.5,721.0
Rasoi,4.1,811.0
McDonald's,3.3,2611.0
HandleBar,4.5,792.0
Kampai Sushi Bar,4.3,502.0
Boathouse at Forest Park,4.4,2742.0
Subway,3.6,139.0
The Tenderloin Room,4.5,294.0
The Gramophone,4.7,2719.0
Sanctuaria,4.1,575.0
Pizza Hut,3.5,648.0
Brennan's,4.5,481.0
Domino's Pizza,3.3,478.0
White Castle,3.9,1773.0
The Scottish Arms,4.6,1348.0
Diablitos Cantina,4.0,289.0
The Highlands Golf & Tennis,4.4,217.0
Pickles Deli,4.5,358.0
Burger King,3.6,926.0
2Schae Eats (at Mack's!),4.6,318.0
West End Wok,4.3,405.0
Chase Club,4.3,360.0
Brasserie by Niche,4.6,1112.0
QDOBA Mexican Eats,3.7,809.0
Applebee's Grill + Bar,3.8,1944.0
Imo's Pizza,3.8,734.0
Jimmy John's,3.1,126.0
Taste Of Lebanon,4.1,568.0
Jimmy John's,3.4,188.0
Papa Johns Pizza,3.0,385.0
Taco Bell,3.2,1034.0
ShiSha Restaurant & Lounge,3.9,475.0
Jimmy John's,3.3,322.0
Shake Shack Central West End,4.1,3162.0
Subway,3.0,3.0
The Preston,4.1,130.0
Thai 202,4.5,620.0
Twisted Ranch,4.2,2339.0
Smoothie King,4.2,314.0
Mission Taco Joint - Central West End,4.4,1812.0
Evangeline's Bistro and Music House,4.3,1198.0
Vicia,4.6,683.0
White Castle,3.8,1685.0
Subway,3.6,374.0
Modern Brewery & The Kings Oak,4.6,206.0
Legacy Bar & Grill,4.5,438.0
Urban Chestnut Grove Brewery and Bierhall,4.5,1019.0
Sauce on the Side,4.7,1658.0
Chong Wah,4.2,456.0
Grace Meat + Three,4.4,1624.0
IKEA Restaurant,4.3,459.0
Sameem Afghan Restaurant & Catering,4.4,1211.0
Layla,4.5,1735.0
Saigon Cafe,4.5,499.0
Subway,3.8,287.0
Rally's,3.3,786.0
Cleveland's Tasting LLC,,
King Grill,4.3,354.0
Chez Mathy Restaurant,2.8,4.0
Rally's,3.4,771.0
McDonald's,3.0,1718.0
Subway,3.7,212.0
Firehouse 282,4.5,167.0
King Grill,4.0,739.0
McDonald's,3.3,2180.0
Domino's Pizza,2.7,403.0
Harvey's Chicago Style Red Heights,5.0,1.0
Popeyes Louisiana Kitchen,3.1,1431.0
King's Fried Rice,4.4,593.0
Taco Bell,3.5,1026.0
Burger King,3.5,967.0
White Castle,3.7,1660.0
Imo's Pizza,3.6,539.0
Kingsway Chop Suey,3.8,63.0
Lee's Famous Recipe Chicken,3.9,730.0
Wendy's,3.8,1582.0
Happy Chop Suey,4.4,43.0
Golden House Chop Suey,3.8,372.0
Bing Chop Suey,4.4,95.0
Hong Mein Chop Suey,4.2,33.0
Newstead Chop Suey Cat Fish,4.3,641.0
Black Door Bar And Grill,4.4,26.0
Delmonicos,,
Doggy Style Grill,,
Soul food. Restaurant,,
JNP All In One Kitchen,,
Church's Chicken,3.3,498.0
Brown's Rib Station,,
Snac-Pac,4.7,24.0
Legends Bar & Grill,4.5,520.0
Njoy Nyce Snacks LLC,,
M & L Market,4.9,7.0
Tripe City,3.9,151.0
Euclid Market,4.4,159.0
Just The 2 Of Us Fried Rice,4.8,103.0
Billy Birk's Snack Shop,4.0,23.0
Chicago Market Fish And Chicken - Union Blvd,4.1,23.0
Aaa Fish House,,
Guido's Mississippi BBQ & Soul Bistro,3.9,17.0
Amber J’s Mini Mart,4.7,9.0
Restaurant of Soule,4.5,2.0
Arkansas Fried Chicken,4.2,152.0
Sara-Lou Cafe,5.0,5.0
Chop Suey,4.2,29.0
King PRINCE BAR B QUE,4.1,444.0
Picadeli,,
Opa Grill,5.0,3.0
City Magic Cocktail Lounge & Restaurant,4.2,131.0
Lanett Good Eats,,
Uncle Bubbas,,
Golden Coin House,4.4,372.0
Dee Dee’s Pickles LLC,5.0,3.0
Mammer Jammer,,
Members Only STL Café,4.7,17.0
Subway,3.9,150.0
Roper's Ribs,4.1,469.0
St Louis Q,4.3,679.0
White Castle,3.7,2402.0
Lee's Famous Recipe Chicken,4.0,387.0
King Chop Suey,4.4,376.0
Mr Barbq,4.6,7.0
Circle K,2.3,23.0
McDonald's,3.1,1244.0
St Louis Fish & Chicken,4.0,697.0
Wingstop,3.5,497.0
Oriental Chop Suey,4.2,544.0
Lee's Famous Receipe Chicken,4.0,677.0
C&K Barbecue Restaurant,3.8,1319.0
Sonic Drive-In,3.2,1225.0
Subway,3.8,233.0
Penn Station East Coast Subs,3.9,470.0
Miami Grill,4.2,280.0
Rally's,3.1,1082.0
John's Chop Suey,4.1,893.0
Debbie's Delights,4.0,64.0
Trap Pizza,4.0,4.0
Honey's,5.0,5.0
JJ Munchies Snack Shop,5.0,4.0
Shark & Deli,4.4,368.0
Big Jigga’s BBQ,5.0,1.0
DaView BBQ,3.6,8.0
Quick Shop,3.9,114.0
Ceasar’s Market LLC,4.0,12.0
Sweet's place inc.,4.0,2.0
Yet Bun Chop Suey,4.4,432.0
Kowloon Chop Suey,4.2,132.0
Speakeasy A Bar & Restaurant,4.5,282.0
B&I Eatery,4.1,61.0
Imo's Pizza,3.6,373.0
Yang Cheng Chop Suey,4.3,56.0
Fish House,4.4,60.0
Vibezz Kitchen & Hookah Lounge,,
Mclaran market,4.6,42.0
Oasis Grill,4.2,170.0
Domino's Pizza,2.8,434.0
Mammer Jammer,,
Daiqs Bar & Grill,4.8,70.0
The Gavel-STL,4.6,27.0
The BBQ Shack,3.8,220.0
Hawaiian Grill - Jennings,4.0,536.0
God's House Of Bbq & Soul Food,4.0,1.0
Chop Suey Inn,4.0,69.0
Motown Pit Stop,4.1,53.0
St.Louis Fish & Chicken Grill -NORTH OAKS PLAZA,4.1,243.0
Ari's Ice Cream Parlor & Cafe,4.7,359.0
Church's Texas Chicken,3.3,1015.0
Imo's Pizza,3.6,539.0
Intimate creations catering,5.0,1.0
Chicken A-Peel,3.9,301.0
Wendy's,3.8,1582.0
Picadeli,,
J J Fish & Chicken,3.8,342.0
C & W Chop Suey,4.3,208.0
KFC,2.0,127.0
Little Caesars,3.6,553.0
Subway,3.8,352.0
Roper's Ribs,4.1,469.0
McDonald's,2.9,2228.0
Rally's,3.1,1329.0
The White Barn,4.2,619.0
JC Supper Club,4.3,554.0
Mack's Chicken,4.0,820.0
St Louis Q,4.3,679.0
Domino's Pizza,2.7,560.0
Sonic Drive-In,3.2,1225.0
Popeyes Louisiana Kitchen,2.8,1097.0
King Chop Suey,4.4,376.0
Imo's Pizza,3.7,669.0
Lee's Famous Recipe Chicken,4.0,387.0
Leawa Chop Suey,4.1,152.0
Gourmet Street Eatz,3.9,65.0
Lucky Chinese restaurant,,
Your Kitchen,4.6,15.0
Royalty Cafe and Event Center,4.0,1.0
Ali's Steak Fish And Chicken,4.2,264.0
GasMart Kitchen,4.5,11.0
Ice Paradise,5.0,1.0
KFC,2.0,127.0
Chicken A-Peel,3.9,301.0
J J Fish & Chicken,3.8,342.0
C & W Chop Suey,4.3,208.0
It’s Off Da Grill,,
Partner's Seafood and Chicken,,
DaCity Event Center,4.5,22.0
Big Dawgs Wings and Things,4.8,13.0
LillyPeez,,
Partner's Fish & Grill,4.1,186.0
Speedie Grill,4.3,7.0
Cuszos stl,4.4,30.0
The Gavel-STL,4.6,27.0
J Marie’s Gumbo House,4.7,83.0
Wing Shack,4.0,1.0
The Wild Rose Soul Food Restaurant and Market,3.7,10.0
St.Louis Fish & Chicken Grill -HALLSFERRY,4.2,647.0
Imo's Pizza,3.7,235.0
Oasis Grill,4.2,170.0
Mclaran market,4.6,42.0
Pretty's Kitchen,,
St.Louis Fish & Chicken Grill -BELLEFONATINE,4.2,260.0
Playboy Cappuccino Lounge,4.3,94.0
Pearlie’s Pickles,4.8,64.0
Rally's,3.1,1082.0
MID NITE CAFE,5.0,1.0
Kowloon Chop Suey,4.2,132.0
Bayou Klassiks,5.0,1.0
"MR P""S CHICKEN & FRIES",,
Elite Supermarket & Grill,3.8,169.0
John's Chop Suey,4.1,893.0
Vinh Chop Suey,4.0,179.0
Hawaiian Grill - Jennings,4.0,536.0
Picadeli,,
Subway,4.0,167.0
The Prairies Golf Club,3.8,67.0
Imo's Pizza,3.8,254.0
Lemp Mansion,4.6,1596.0
The Mud House,4.6,1644.0
Subway,3.8,95.0
The Original Crusoe's Restaurant & Patrick McKeane's Pub,4.3,1234.0
Yemanja Brasil Restaurant,4.7,382.0
Big Daddy's Bar in Soulard #1 Patio & Party Spot,4.3,883.0
Frazer's Restaurant & Lounge,4.7,756.0
Wingstop,3.6,463.0
Benton Park Cafe & Coffee Bar,4.5,1017.0
Mad Art Gallery,4.5,158.0
Urban Eats,4.4,228.0
Taco Bell,3.4,1458.0
Wendy's,3.6,1408.0
Chimichanga's Mexican Restaurant,4.4,1447.0
Don Carlos Restaurant,4.3,139.0
Gooseberries,4.6,269.0
Sister Cities Cajun,4.5,922.0
Irish Corner Pub,4.5,304.0
Teatopia,5.0,354.0
Yaquis on Cherokee,4.5,477.0
The B-Side,4.5,266.0
Palacios Mexican Restaurant,4.5,232.0
San Loo,4.7,119.0
Imo's Pizza,3.6,506.0
Anheuser-Busch Biergarten,4.5,302.0
Slackers Bar & Grill,3.9,17.0
La Vallesana,4.2,1448.0
The Choice Restaurant,3.9,436.0
Capitalist Pig,4.3,142.0
Truc Lam Restaurant,4.5,312.0
China King,3.7,165.0
Parma Grill & Tap,5.0,3.0
Taqueria El Bronco,4.4,1562.0
Ho's Chinese Restaurant,4.4,187.0
KFC,3.5,764.0
Hong Kong Express,4.2,256.0
New China,4.3,700.0
Dutchtown Market,4.4,273.0
Elicia's Pizza,3.3,317.0
White Castle,3.8,1733.0
Grill 55,4.5,38.0
Iowa Buffet,4.5,220.0
H & M Best Fried Fish & Chicken,4.3,115.0
TenorSeay's Southern Soul Food,,
Beignet All Day,4.9,16.0
All Rolled Up,4.9,19.0
Sugoi Sushi,5.0,16.0
Tacos la Jefa STL,4.7,144.0
Bluewood Brewing,4.6,178.0
Moonflower,,
The Good-ish,,
B.McArthur's Neighborhood Taco Shack,4.2,5.0
Elaine's,4.6,195.0
Louisiana Fish and Chicken,3.8,303.0
K-Bop,4.8,13.0
Fourth City Barbecue,5.0,11.0
Original Family Smokehouse,5.0,5.0
The Fattened Caf.,5.0,18.0
The Taco & Ice Cream Joint,4.1,1173.0
Station No. 3,4.8,112.0
Three Sixty,4.4,2276.0
Broadway Oyster Bar,4.6,7431.0
The Schlafly Tap Room,4.5,1268.0
John D. McGurk's Irish Pub and Garden,4.6,3097.0
Blues City Deli,4.9,2281.0
Bogart's Smokehouse,4.7,1869.0
Hooters,3.7,1941.0
Molly's In Soulard,4.3,1913.0
Lemp Mansion,4.6,1596.0
Bridge Tap House & Wine Bar,4.5,939.0
Hodak's Restaurant & Bar,4.5,5174.0
SqWires Restaurant & Market,4.4,1266.0
Square One Brewery & Distillery,4.5,739.0
"BB's Jazz, Blues and Soups",4.5,1419.0
Eleven Eleven Mississippi,4.6,1426.0
Diamond Cabaret,4.3,203.0
Ballpark Pizza,3.6,498.0
Big Daddy's Bar in Soulard #1 Patio & Party Spot,4.3,883.0
Tuckers Place,4.3,2708.0
Subway,3.6,126.0
Chava's Mexican Restaurant,4.5,1963.0
Ruth's Chris Steak House,4.4,1749.0
Maggie O'Brien's,4.3,2004.0
Yemanja Brasil Restaurant,4.7,382.0
Lombardo's Trattoria,4.5,892.0
Subway,3.5,74.0
RC Deli,2.6,25.0
Carmine's Steak House,4.5,1130.0
Social Bar & Grill Soulard,4.3,1347.0
Paddy O's,4.3,771.0
Country Rock Cabaret,4.6,357.0
Brewhouse Historical Sports Bar,4.0,715.0
White Castle,3.7,2543.0
Sen Thai Asian Bistro,4.4,1295.0
Epic Pizza & Subs,4.4,756.0
Landry's Seafood House,3.9,2161.0
The Mud House,4.6,1644.0
Jimmy John's,3.3,262.0
McDonald's,2.8,2927.0
Pennydrop Bar + Kitchen,4.1,92.0
Hammerstone's,4.5,1484.0
The London Tea Room,4.6,1022.0
DB's Sports Bar,4.4,800.0
Taco Bell,3.2,1536.0
Jimmy John's,3.4,202.0
Mango Restaurant,4.5,1198.0
Syberg's On Market,4.1,1714.0
Rosalita's Cantina,4.1,2558.0
Mad Art Gallery,4.5,158.0
Diner Inc,4.5,621.0
The Over/Under Bar & Grill,4.1,1271.0
Frazer's Restaurant & Lounge,4.7,756.0
101 St. Louis Sports Spirits Sand,4.2,328.0
Blood & Sand,4.5,419.0
Domino's Pizza,2.7,323.0
Benton Park Cafe & Coffee Bar,4.5,1017.0
"1860 Saloon, Game Room, & Hardshell Café",4.5,1253.0
Park Avenue Coffee - 10th Street,4.4,516.0
Subway,2.8,5.0
Mizu Sushi Bar,4.2,496.0
The Schlafly Tap Room,4.5,1268.0
Pappy's Smokehouse,4.7,7830.0
The Fountain on Locust,4.7,2780.0
Chipotle Mexican Grill,3.7,1400.0
Vito's Sicilian Pizzeria & Ristorante,4.3,801.0
Maggie O'Brien's,4.3,2004.0
Urban Chestnut Midtown Brewery and Biergarten,4.6,410.0
Bridge Tap House & Wine Bar,4.5,939.0
Lombardo's Trattoria,4.5,892.0
Humphrey's Restaurant & Tavern,4.2,117.0
McDonald's,3.3,2611.0
Eleven Eleven Mississippi,4.6,1426.0
The London Tea Room,4.6,1022.0
Jazz St. Louis,4.8,789.0
Syberg's On Market,4.1,1714.0
FIELDHOUSE Pub and Grill,4.1,711.0
Subway,3.6,139.0
Domino's Pizza,3.3,478.0
Rosalita's Cantina,4.1,2558.0
Landry's Seafood House,3.9,2161.0
RC Deli,2.6,25.0
Blood & Sand,4.5,419.0
Pizza Hut,3.5,648.0
Diablitos Cantina,4.0,289.0
Subway,3.6,126.0
The Scottish Arms,4.6,1348.0
Sen Thai Asian Bistro,4.4,1295.0
White Castle,3.9,1773.0
Square One Brewery & Distillery,4.5,739.0
Mango Restaurant,4.5,1198.0
Imo's Pizza Headquarters,3.0,76.0
QDOBA Mexican Eats,3.7,809.0
Papa Johns Pizza,3.0,385.0
Subway,2.8,5.0
Small Batch Whiskey & Fare,4.5,666.0
The Over/Under Bar & Grill,4.1,1271.0
Blondie's Coffee & Wine Bar,4.2,768.0
Captain D's,3.5,836.0
Domino's Pizza,2.4,474.0
Jimmy John's,3.3,322.0
The Best Steak House,4.3,2713.0
Mizu Sushi Bar,4.2,496.0
Park Avenue Coffee - 10th Street,4.4,516.0
White Knight Diner,4.5,691.0
Pickleman's Gourmet Cafe,4.6,1235.0
Circle K,2.6,42.0
Rally's,3.4,771.0
Mound City Sandwich Shop,4.7,238.0
Samwiches,3.8,22.0
Imo's Pizza,4.1,1377.0
Delmar Chop Suey,4.3,412.0
Southern,4.6,1167.0
Baby Kakez,4.8,21.0
The Dark Room at The Grandel,4.5,512.0
Lucha Restaurant Oaxaca Style Mexican cuisine,3.9,271.0
St. Louis Bread Co.,4.1,132.0
Einstein Bros. Bagels,3.4,32.0
Firehouse 282,4.5,167.0
The Bistro – Eat. Drink. Connect.®,4.3,18.0
Freddie Lee's Gourmet Sauces,5.0,23.0
Rally's,3.4,771.0
Subway,3.9,167.0
Fresno's Diner,4.6,33.0
King Grill,4.0,739.0
Cleveland's Tasting LLC,,
Subway,3.7,212.0
McDonald's,3.0,1718.0
Crown Candy Kitchen,4.7,3510.0
Popeyes Louisiana Kitchen,3.1,1431.0
King's Fried Rice,4.4,593.0
Piekutowski's Distributors,4.7,215.0
White Castle,3.7,1445.0
Intl Food Products Prairie St Stn,3.5,2.0
Gregg's Bar & Grill,4.6,381.0
Church's Texas Chicken,3.4,605.0
Bing Lau Chop Suey,4.3,627.0
Neighborhood Bar & Grill,4.5,112.0
Tony & D's,,
Landford Chicken Fish & Grill,4.3,3.0
Baba Asaju,,
Freddie G's Chicken and Waffle,4.3,377.0
Canton House Chop Suey,4.4,161.0
Partners Seafood + Chicken,4.8,22.0
New Light Chop Suey,4.1,100.0
Assumptions Cigar & Hookah Ultra Lounge,4.2,143.0
Playground Bar & Grill,4.4,163.0
Uncle Bubbas,,
Lanett Good Eats,,
CW ‘s lounge,4.7,17.0
Egg Roll Kitchen,4.0,137.0
THE BBQ MAN,4.5,11.0
Wing Hing Chop Suey,4.6,30.0
China Kim Chinese Restaurant,3.9,16.0
Gene's Bar And Grill,4.4,411.0
Shell,3.5,26.0
Golden House Chop Suey,3.8,372.0
Diner,3.7,6.0
St. Louis FatBurger,4.5,334.0
You Gotta Eat Here!,4.4,54.0
Mother's Fish,3.7,429.0
King Grill,3.9,29.0
Snac-Pac,4.7,24.0
Happy Chop Suey,4.4,43.0
DSquared Bistro,4.5,236.0
Brown's Rib Station,,
JNP All In One Kitchen,,
China house 1,4.1,74.0
Grand & Grill,,
Sara-Lou Cafe,5.0,5.0
Doggy Style Grill,,
Amber J’s Mini Mart,4.7,9.0
McDonald's,3.0,1718.0
Subway,3.7,212.0
JC Supper Club,4.3,554.0
Imo's Pizza,3.7,669.0
Nick's Bar & Grill,4.4,125.0
The North Star Bistro,4.4,5.0
Vinh Chop Suey,4.0,179.0
Elite Supermarket & Grill,3.8,169.0
Pearlie’s Pickles,4.8,64.0
Playboy Cappuccino Lounge,4.3,94.0
Speakeasy A Bar & Restaurant,4.5,282.0
J Marie’s Gumbo House,4.7,83.0
THE BBQ MAN,4.5,11.0
Cuszos stl,4.4,30.0
Speedie Grill,4.3,7.0
Miami Grill,4.2,280.0
C & W Chop Suey,4.3,208.0
DaView BBQ,3.6,8.0
Big Jigga’s BBQ,5.0,1.0
J J Fish & Chicken,3.8,342.0
Shark & Deli,4.4,368.0
JJ Munchies Snack Shop,5.0,4.0
It’s Off Da Grill,,
Partner's Seafood and Chicken,,
DaCity Event Center,4.5,22.0
Ceasar’s Market LLC,4.0,12.0
JC Supper Club,4.3,554.0
"MR P""S CHICKEN & FRIES",,
Shirley's Kitchen & Catering,4.4,48.0
Raqqa Food Mart,4.3,39.0
Bayou Klassiks,5.0,1.0
Key Chopp Suey LLC,5.0,1.0
Get N My Belly LLC,4.0,1.0
It’s Off Da Grill,,
Partner's Seafood and Chicken,,
DaCity Event Center,4.5,22.0
Speedie Grill,4.3,7.0
St.Louis Fish & Chicken Grill -BELLEFONATINE,4.2,260.0
Cuszos stl,4.4,30.0
J Marie’s Gumbo House,4.7,83.0
Subway,4.0,167.0
KFC,3.4,642.0
White Castle,3.5,1174.0
Little Caesars Pizza,3.8,127.0
Taco Bell,3.3,696.0
Rally's,3.2,758.0
Pizza Hut,3.4,280.0
The Prairies Golf Club,3.8,67.0
China Express,4.2,667.0
Imo's Pizza,3.8,254.0
Domino's Pizza,3.1,258.0
Captain D's,3.8,297.0
McDonald's,3.1,1441.0
Classic K Hamburgers,4.2,671.0
Granny Boyz BBQ,5.0,3.0
THE DUO BAR & GRILL,4.7,12.0
Popcorn and Candy,,
Diner Inc,4.5,621.0
Country Rock Cabaret,4.6,357.0
Sawmill BBQ Restaurant,4.7,779.0
Pizza Hut,3.4,280.0
The Philly Wagon,4.0,10.0
McDonald's,3.1,1441.0
Imo's Pizza,3.8,254.0
The Prairies Golf Club,3.8,67.0
Domino's Pizza,3.1,258.0
DREMOES BAR & GRILL LLC,5.0,3.0
The Hangover Social,5.0,3.0
Layla's Roadhouse,4.5,62.0
Butch's Bar & Grill,4.7,82.0
Unch's Bar & Grill,4.0,236.0
Popcorn and Candy,,
THE DUO BAR & GRILL,4.7,12.0
Granny Boyz BBQ,5.0,3.0
Diamond Cabaret,4.3,203.0
Diner Inc,4.5,621.0
Broadway Oyster Bar,4.6,7431.0
Country Rock Cabaret,4.6,357.0
"BB's Jazz, Blues and Soups",4.5,1419.0
Carmine's Steak House,4.5,1130.0
White Castle,3.7,2543.0
The Philly Wagon,4.0,10.0
handlebar,5.0,2.0
Woody's Wings,4.1,8.0
MONEEK SoulFood Kitchen LLC,4.5,8.0
Sandy's Bar B Q,4.5,140.0
M's Mart,4.2,14.0
Doc's Fish Dock,5.0,1.0
Tinys Place Chicken and Seafood,4.4,23.0
Chop Suey King,4.2,443.0
Culture Cafe,4.6,99.0
DP's Kitchen,3.8,4.0
Pops 5,4.1,36.0
Jerarie's,4.8,4.0
Maui Seafood,4.5,135.0
Imo's Pizza,3.9,755.0
DraftKings at Casino Queen,3.8,3441.0
Cardon's Grill & Bbq,,
Sherry's Hot Spot,5.0,8.0
The Greasy Spoon,,
Spoons Cafe,2.8,9.0
Ms Renae's Diner,3.7,3.0
Eastside Express Restaurant,4.9,40.0
Three Sixty,4.4,2276.0
The Schlafly Tap Room,4.5,1268.0
Hooters,3.7,1941.0
Bridge Tap House & Wine Bar,4.5,939.0
Broadway Oyster Bar,4.6,7431.0
The Old Spaghetti Factory,4.2,3321.0
Ballpark Pizza,3.6,498.0
Ruth's Chris Steak House,4.4,1749.0
Subway,3.6,126.0
Subway,3.5,74.0
"BB's Jazz, Blues and Soups",4.5,1419.0
Sen Thai Asian Bistro,4.4,1295.0
Brewhouse Historical Sports Bar,4.0,715.0
Carmine's Steak House,4.5,1130.0
Mango Restaurant,4.5,1198.0
Rosalita's Cantina,4.1,2558.0
The London Tea Room,4.6,1022.0
The Over/Under Bar & Grill,4.1,1271.0
Pennydrop Bar + Kitchen,4.1,92.0
Maggie O'Brien's,4.3,2004.0
Paddy O's,4.3,771.0
Jimmy John's,3.4,202.0
Blood & Sand,4.5,419.0
Al's Restaurant,4.3,186.0
RC Deli,2.6,25.0
Park Avenue Coffee - 10th Street,4.4,516.0
Mizu Sushi Bar,4.2,496.0
Domino's Pizza,2.4,474.0
Imo's Pizza Headquarters,3.0,76.0
White Castle,3.7,2543.0
Lombardo's Trattoria,4.5,892.0
Blondie's Coffee & Wine Bar,4.2,768.0
Landry's Seafood House,3.9,2161.0
Red Kitchen and Bar,3.5,33.0
Syberg's On Market,4.1,1714.0
Taco Bell,3.2,1536.0
Subway,2.8,5.0
Chili Mac's Diner,4.6,645.0
Samwiches,3.8,22.0
White Knight Diner,4.5,691.0
Imo's Pizza,4.1,1377.0
The Wok,3.8,63.0
Riverfront Grill,2.9,210.0
St. Louis Sports Hall of Fame Bar & Grill,3.3,16.0
Au Bon Pain,3.4,8.0
Rooster,4.1,2721.0
Sauce on the Side,4.6,2137.0
"Hayden's Irish Pub, Downtown STL",4.7,29.0
Red Door,3.5,414.0
The Boom Boom Room,4.1,185.0
Sushi Ai,4.5,2000.0
Lucas Park Grille,4.3,591.0
Medina Grill,4.6,984.0
Crown Candy Kitchen,4.7,3510.0
Garment District®,3.1,8.0
Gourmet Soul Restaurant and Catering,4.3,540.0
Papa Johns Pizza,2.5,655.0
Freddie Lee's Gourmet Sauces,5.0,23.0
Jack Patrick's Bar & Grill,4.4,570.0
Ballpark Village,4.5,5167.0
Noots Restaurant & Grill,5.0,3.0
John's Drive-In,4.7,3.0
China house 1,4.1,74.0
Sugar Shack Cafe,4.5,33.0
"Delectable Eatery, LLC",4.1,9.0
Marko's Fish,4.8,367.0
PLAY Karaoke & Bistro,5.0,2.0
Dawg Pound Gentlemen's Club,4.3,19.0
Ernie & Annie's Inc,4.6,194.0
Mid-Coast Terminal Co,4.7,3.0
Jerry's Cafeteria & Catering,4.6,583.0
Kimara’s Pizza,4.4,15.0
JJ's Bar-B-Q & More,4.8,107.0
Unger's Fish Market,,
Subway,3.2,23.0
Mid-Coast Terminal Co,4.7,3.0
