startTime,endTime,type,filename
1697559598,1697560051,'code',example.py
1697560051,1697560728,'code',example.py
1697560927,1697561199,'code',example.py
1697561199,1697561719,'code',example.py
1697561755,1697563302,'code',example.py
1697564874,1697567077,'code',example.py
1697567534,1697573764,'code',example.py
1697574843,1697575116,'code',example.py
1697575144,1697575757,'code',example.py
1697575767,1697576471,'code',example.py
1697578450,1697579290,'code',example.py
1697579663,1697579864,'code',visualizeData.py
1697579864,1697580351,'code',visualizeData.py
1697580974,1697638511,'code',visualizeData.py
1697638511,1697639016,'code',visualizeData.py
1697639016,1697639561,'code',visualizeData.py
1697639668,1697640369,'code',example.py
1697642038,1697642219,'code',example.py
1697644656,1697644675,'code',visualizeData.py
1697646555,1697646661,'code',visualizeData.py
1697647369,1697648038,'code',visualizeData.py